2026-01-09T11:45:55.598-06:00  INFO 11492 --- [order] [main] [                                                 ] com.indi.order.OrderApplication          : Starting OrderApplication using Java 21.0.6 with PID 11492 (C:\Users\Fanta\Documents\01-desarrollo\A8_microservices_kubernetes_india\B2_secc_16_eureka_ecomm\order\target\classes started by Fanta in C:\Users\Fanta\Documents\01-desarrollo\A8_microservices_kubernetes_india\B2_secc_16_eureka_ecomm)
2026-01-09T11:45:55.604-06:00  INFO 11492 --- [order] [main] [                                                 ] com.indi.order.OrderApplication          : No active profile set, falling back to 1 default profile: "default"
2026-01-09T11:45:55.664-06:00  INFO 11492 --- [order] [main] [                                                 ] o.s.c.c.c.ConfigServerConfigDataLoader   : Fetching config from server at : http://localhost:8888
2026-01-09T11:45:55.675-06:00  INFO 11492 --- [order] [main] [                                                 ] o.s.c.c.c.ConfigServerConfigDataLoader   : Located environment: name=order, profiles=[default], label=null, version=null, state=null
2026-01-09T11:45:57.148-06:00  INFO 11492 --- [order] [main] [                                                 ] .s.d.r.c.RepositoryConfigurationDelegate : Bootstrapping Spring Data JPA repositories in DEFAULT mode.
2026-01-09T11:45:57.277-06:00  INFO 11492 --- [order] [main] [                                                 ] .s.d.r.c.RepositoryConfigurationDelegate : Finished Spring Data repository scanning in 118 ms. Found 2 JPA repository interfaces.
2026-01-09T11:45:57.580-06:00  INFO 11492 --- [order] [main] [                                                 ] faultConfiguringBeanFactoryPostProcessor : No bean named 'errorChannel' has been explicitly defined. Therefore, a default PublishSubscribeChannel will be created.
2026-01-09T11:45:57.588-06:00  INFO 11492 --- [order] [main] [                                                 ] faultConfiguringBeanFactoryPostProcessor : No bean named 'integrationHeaderChannelRegistry' has been explicitly defined. Therefore, a default DefaultHeaderChannelRegistry will be created.
2026-01-09T11:45:57.720-06:00  INFO 11492 --- [order] [main] [                                                 ] o.s.cloud.context.scope.GenericScope     : BeanFactory id=05220552-8bd6-3f8f-8b5e-81d87aac2686
2026-01-09T11:45:58.760-06:00  INFO 11492 --- [order] [main] [                                                 ] o.s.b.w.embedded.tomcat.TomcatWebServer  : Tomcat initialized with port 8083 (http)
2026-01-09T11:45:58.777-06:00  INFO 11492 --- [order] [main] [                                                 ] o.apache.catalina.core.StandardService   : Starting service [Tomcat]
2026-01-09T11:45:58.777-06:00  INFO 11492 --- [order] [main] [                                                 ] o.apache.catalina.core.StandardEngine    : Starting Servlet engine: [Apache Tomcat/10.1.36]
2026-01-09T11:45:58.889-06:00  INFO 11492 --- [order] [main] [                                                 ] o.a.c.c.C.[Tomcat].[localhost].[/]       : Initializing Spring embedded WebApplicationContext
2026-01-09T11:45:58.889-06:00  INFO 11492 --- [order] [main] [                                                 ] w.s.c.ServletWebServerApplicationContext : Root WebApplicationContext: initialization completed in 3212 ms
2026-01-09T11:45:59.802-06:00  INFO 11492 --- [order] [main] [                                                 ] o.hibernate.jpa.internal.util.LogHelper  : HHH000204: Processing PersistenceUnitInfo [name: default]
2026-01-09T11:45:59.854-06:00  INFO 11492 --- [order] [main] [                                                 ] org.hibernate.Version                    : HHH000412: Hibernate ORM core version 6.6.8.Final
2026-01-09T11:45:59.887-06:00  INFO 11492 --- [order] [main] [                                                 ] o.h.c.internal.RegionFactoryInitiator    : HHH000026: Second-level cache disabled
2026-01-09T11:46:00.072-06:00  INFO 11492 --- [order] [main] [                                                 ] o.s.o.j.p.SpringPersistenceUnitInfo      : No LoadTimeWeaver setup: ignoring JPA class transformer
2026-01-09T11:46:00.099-06:00  INFO 11492 --- [order] [main] [                                                 ] com.zaxxer.hikari.HikariDataSource       : HikariPool-1 - Starting...
2026-01-09T11:46:00.260-06:00  INFO 11492 --- [order] [main] [                                                 ] com.zaxxer.hikari.pool.HikariPool        : HikariPool-1 - Added connection org.postgresql.jdbc.PgConnection@2c4eda3a
2026-01-09T11:46:00.262-06:00  INFO 11492 --- [order] [main] [                                                 ] com.zaxxer.hikari.HikariDataSource       : HikariPool-1 - Start completed.
2026-01-09T11:46:00.302-06:00  WARN 11492 --- [order] [main] [                                                 ] org.hibernate.orm.deprecation            : HHH90000025: PostgreSQLDialect does not need to be specified explicitly using 'hibernate.dialect' (remove the property setting and it will be selected by default)
2026-01-09T11:46:00.322-06:00  INFO 11492 --- [order] [main] [                                                 ] org.hibernate.orm.connections.pooling    : HHH10001005: Database info:
	Database JDBC URL [Connecting through datasource 'HikariDataSource (HikariPool-1)']
	Database driver: undefined/unknown
	Database version: 14.19
	Autocommit mode: undefined/unknown
	Isolation level: undefined/unknown
	Minimum pool size: undefined/unknown
	Maximum pool size: undefined/unknown
2026-01-09T11:46:01.223-06:00  INFO 11492 --- [order] [main] [                                                 ] o.h.e.t.j.p.i.JtaPlatformInitiator       : HHH000489: No JTA platform available (set 'hibernate.transaction.jta.platform' to enable JTA platform integration)
2026-01-09T11:46:01.405-06:00  INFO 11492 --- [order] [main] [                                                 ] j.LocalContainerEntityManagerFactoryBean : Initialized JPA EntityManagerFactory for persistence unit 'default'
2026-01-09T11:46:02.067-06:00  WARN 11492 --- [order] [main] [                                                 ] JpaBaseConfiguration$JpaWebConfiguration : spring.jpa.open-in-view is enabled by default. Therefore, database queries may be performed during view rendering. Explicitly configure spring.jpa.open-in-view to disable this warning
2026-01-09T11:46:03.098-06:00  INFO 11492 --- [order] [main] [                                                 ] o.s.c.s.m.DirectWithAttributesChannel    : Channel 'order.springCloudBusInput' has 1 subscriber(s).
2026-01-09T11:46:03.445-06:00  INFO 11492 --- [order] [main] [                                                 ] DiscoveryClientOptionalArgsConfiguration : Eureka HTTP Client uses RestTemplate.
2026-01-09T11:46:03.497-06:00  WARN 11492 --- [order] [main] [                                                 ] iguration$LoadBalancerCaffeineWarnLogger : Spring Cloud LoadBalancer is currently working with the default cache. While this cache implementation is useful for development and tests, it's recommended to use Caffeine cache in production.You can switch to using Caffeine cache, by adding it and org.springframework.cache.caffeine.CaffeineCacheManager to the classpath.
2026-01-09T11:46:03.508-06:00  INFO 11492 --- [order] [main] [                                                 ] o.s.b.a.e.web.EndpointLinksResolver      : Exposing 26 endpoints beneath base path '/actuator'
2026-01-09T11:46:03.631-06:00  INFO 11492 --- [order] [main] [                                                 ] o.s.i.endpoint.EventDrivenConsumer       : Adding {logging-channel-adapter:_org.springframework.integration.errorLogger} as a subscriber to the 'errorChannel' channel
2026-01-09T11:46:03.631-06:00  INFO 11492 --- [order] [main] [                                                 ] o.s.i.channel.PublishSubscribeChannel    : Channel 'order.errorChannel' has 1 subscriber(s).
2026-01-09T11:46:03.631-06:00  INFO 11492 --- [order] [main] [                                                 ] o.s.i.endpoint.EventDrivenConsumer       : started bean '_org.springframework.integration.errorLogger'
2026-01-09T11:46:03.646-06:00  INFO 11492 --- [order] [main] [                                                 ] o.s.c.n.eureka.InstanceInfoFactory       : Setting initial instance status as: STARTING
2026-01-09T11:46:03.663-06:00  INFO 11492 --- [order] [main] [                                                 ] com.netflix.discovery.DiscoveryClient    : Initializing Eureka in region us-east-1
2026-01-09T11:46:03.672-06:00  INFO 11492 --- [order] [main] [                                                 ] c.n.d.s.r.aws.ConfigClusterResolver      : Resolving eureka endpoints via configuration
2026-01-09T11:46:03.678-06:00  INFO 11492 --- [order] [main] [                                                 ] com.netflix.discovery.DiscoveryClient    : Disable delta property : false
2026-01-09T11:46:03.680-06:00  INFO 11492 --- [order] [main] [                                                 ] com.netflix.discovery.DiscoveryClient    : Single vip registry refresh property : null
2026-01-09T11:46:03.680-06:00  INFO 11492 --- [order] [main] [                                                 ] com.netflix.discovery.DiscoveryClient    : Force full registry fetch : false
2026-01-09T11:46:03.680-06:00  INFO 11492 --- [order] [main] [                                                 ] com.netflix.discovery.DiscoveryClient    : Application is null : false
2026-01-09T11:46:03.680-06:00  INFO 11492 --- [order] [main] [                                                 ] com.netflix.discovery.DiscoveryClient    : Registered Applications size is zero : true
2026-01-09T11:46:03.680-06:00  INFO 11492 --- [order] [main] [                                                 ] com.netflix.discovery.DiscoveryClient    : Application version is -1: true
2026-01-09T11:46:03.680-06:00  INFO 11492 --- [order] [main] [                                                 ] com.netflix.discovery.DiscoveryClient    : Getting all instance registry info from the eureka server
2026-01-09T11:46:03.817-06:00  INFO 11492 --- [order] [main] [                                                 ] com.netflix.discovery.DiscoveryClient    : The response status is 200
2026-01-09T11:46:03.819-06:00  INFO 11492 --- [order] [main] [                                                 ] com.netflix.discovery.DiscoveryClient    : Starting heartbeat executor: renew interval is: 30
2026-01-09T11:46:03.821-06:00  INFO 11492 --- [order] [main] [                                                 ] c.n.discovery.InstanceInfoReplicator     : InstanceInfoReplicator onDemand update allowed rate per min is 4
2026-01-09T11:46:03.821-06:00  INFO 11492 --- [order] [main] [                                                 ] com.netflix.discovery.DiscoveryClient    : Discovery Client initialized at timestamp 1767980763821 with initial instances count: 2
2026-01-09T11:46:03.825-06:00  INFO 11492 --- [order] [main] [                                                 ] o.s.c.n.e.s.EurekaServiceRegistry        : Registering application ORDER with eureka with status UP
2026-01-09T11:46:03.825-06:00  INFO 11492 --- [order] [main] [                                                 ] com.netflix.discovery.DiscoveryClient    : Saw local status change event StatusChangeEvent [timestamp=1767980763825, current=UP, previous=STARTING]
2026-01-09T11:46:03.827-06:00  INFO 11492 --- [order] [DiscoveryClient-InstanceInfoReplicator-%d] [                                                 ] com.netflix.discovery.DiscoveryClient    : DiscoveryClient_ORDER/MSI.mshome.net:order:8083: registering service...
2026-01-09T11:46:03.842-06:00  INFO 11492 --- [order] [main] [                                                 ] o.s.b.w.embedded.tomcat.TomcatWebServer  : Tomcat started on port 8083 (http) with context path '/'
2026-01-09T11:46:03.846-06:00  INFO 11492 --- [order] [main] [                                                 ] .s.c.n.e.s.EurekaAutoServiceRegistration : Updating port to 8083
2026-01-09T11:46:03.850-06:00  INFO 11492 --- [order] [main] [                                                 ] o.s.c.s.binder.DefaultBinderFactory      : Creating binder: rabbit
2026-01-09T11:46:03.850-06:00  INFO 11492 --- [order] [main] [                                                 ] o.s.c.s.binder.DefaultBinderFactory      : Constructing binder child context for rabbit
2026-01-09T11:46:03.861-06:00  INFO 11492 --- [order] [DiscoveryClient-InstanceInfoReplicator-%d] [                                                 ] com.netflix.discovery.DiscoveryClient    : DiscoveryClient_ORDER/MSI.mshome.net:order:8083 - registration status: 204
2026-01-09T11:46:03.957-06:00  INFO 11492 --- [order] [main] [                                                 ] o.s.c.s.binder.DefaultBinderFactory      : Caching the binder: rabbit
2026-01-09T11:46:03.989-06:00  INFO 11492 --- [order] [main] [                                                 ] c.s.b.r.p.RabbitExchangeQueueProvisioner : declaring queue for inbound: springCloudBus.anonymous.4zVZKlc3T2KWYRiVBB09HQ, bound to: springCloudBus
2026-01-09T11:46:03.992-06:00  INFO 11492 --- [order] [main] [                                                 ] o.s.a.r.c.CachingConnectionFactory       : Attempting to connect to: [localhost:5672]
2026-01-09T11:46:04.036-06:00  INFO 11492 --- [order] [main] [                                                 ] o.s.a.r.c.CachingConnectionFactory       : Created new connection: rabbitConnectionFactory#62ee252b:0/SimpleConnection@9a56d2b [delegate=amqp://guest@127.0.0.1:5672/, localPort=64623]
2026-01-09T11:46:04.084-06:00  INFO 11492 --- [order] [main] [                                                 ] o.s.c.stream.binder.BinderErrorChannel   : Channel 'rabbit-960487575.springCloudBusInput.errors' has 1 subscriber(s).
2026-01-09T11:46:04.084-06:00  INFO 11492 --- [order] [main] [                                                 ] o.s.c.stream.binder.BinderErrorChannel   : Channel 'rabbit-960487575.springCloudBusInput.errors' has 2 subscriber(s).
2026-01-09T11:46:04.103-06:00  INFO 11492 --- [order] [main] [                                                 ] o.s.i.a.i.AmqpInboundChannelAdapter      : started bean 'inbound.springCloudBus.anonymous.4zVZKlc3T2KWYRiVBB09HQ'
2026-01-09T11:46:04.150-06:00  INFO 11492 --- [order] [main] [                                                 ] com.indi.order.OrderApplication          : Started OrderApplication in 9.632 seconds (process running for 10.39)
2026-01-09T11:51:03.686-06:00  INFO 11492 --- [order] [AsyncResolver-bootstrap-executor-%d] [                                                 ] c.n.d.s.r.aws.ConfigClusterResolver      : Resolving eureka endpoints via configuration
2026-01-09T11:56:03.691-06:00  INFO 11492 --- [order] [AsyncResolver-bootstrap-executor-%d] [                                                 ] c.n.d.s.r.aws.ConfigClusterResolver      : Resolving eureka endpoints via configuration
2026-01-09T12:01:03.701-06:00  INFO 11492 --- [order] [AsyncResolver-bootstrap-executor-%d] [                                                 ] c.n.d.s.r.aws.ConfigClusterResolver      : Resolving eureka endpoints via configuration
2026-01-09T12:06:03.706-06:00  INFO 11492 --- [order] [AsyncResolver-bootstrap-executor-%d] [                                                 ] c.n.d.s.r.aws.ConfigClusterResolver      : Resolving eureka endpoints via configuration
2026-01-09T12:10:11.451-06:00  INFO 11492 --- [order] [SpringApplicationShutdownHook] [                                                 ] o.s.c.n.e.s.EurekaServiceRegistry        : Unregistering application ORDER with eureka with status DOWN
2026-01-09T12:10:11.451-06:00  INFO 11492 --- [order] [SpringApplicationShutdownHook] [                                                 ] com.netflix.discovery.DiscoveryClient    : Saw local status change event StatusChangeEvent [timestamp=1767982211451, current=DOWN, previous=UP]
2026-01-09T12:10:11.451-06:00  INFO 11492 --- [order] [DiscoveryClient-InstanceInfoReplicator-%d] [                                                 ] com.netflix.discovery.DiscoveryClient    : DiscoveryClient_ORDER/MSI.mshome.net:order:8083: registering service...
2026-01-09T12:10:11.465-06:00  INFO 11492 --- [order] [DiscoveryClient-InstanceInfoReplicator-%d] [                                                 ] com.netflix.discovery.DiscoveryClient    : DiscoveryClient_ORDER/MSI.mshome.net:order:8083 - registration status: 204
2026-01-09T12:10:11.465-06:00  INFO 11492 --- [order] [SpringApplicationShutdownHook] [                                                 ] o.s.a.r.l.SimpleMessageListenerContainer : Waiting for workers to finish.
2026-01-09T12:10:12.337-06:00  INFO 11492 --- [order] [SpringApplicationShutdownHook] [                                                 ] o.s.a.r.l.SimpleMessageListenerContainer : Successfully waited for workers to finish.
2026-01-09T12:10:12.338-06:00  INFO 11492 --- [order] [SpringApplicationShutdownHook] [                                                 ] o.s.i.a.i.AmqpInboundChannelAdapter      : stopped bean 'inbound.springCloudBus.anonymous.4zVZKlc3T2KWYRiVBB09HQ'
2026-01-09T12:10:12.351-06:00  INFO 11492 --- [order] [SpringApplicationShutdownHook] [                                                 ] o.s.c.stream.binder.BinderErrorChannel   : Channel 'order.rabbit-960487575.springCloudBusInput.errors' has 1 subscriber(s).
2026-01-09T12:10:12.353-06:00  INFO 11492 --- [order] [SpringApplicationShutdownHook] [                                                 ] o.s.c.stream.binder.BinderErrorChannel   : Channel 'order.rabbit-960487575.springCloudBusInput.errors' has 0 subscriber(s).
2026-01-09T12:10:12.354-06:00  INFO 11492 --- [order] [SpringApplicationShutdownHook] [                                                 ] o.s.b.w.e.tomcat.GracefulShutdown        : Commencing graceful shutdown. Waiting for active requests to complete
2026-01-09T12:10:12.361-06:00  INFO 11492 --- [order] [tomcat-shutdown] [                                                 ] o.s.b.w.e.tomcat.GracefulShutdown        : Graceful shutdown complete
2026-01-09T12:10:14.460-06:00  INFO 11492 --- [order] [SpringApplicationShutdownHook] [                                                 ] o.s.i.endpoint.EventDrivenConsumer       : Removing {logging-channel-adapter:_org.springframework.integration.errorLogger} as a subscriber to the 'errorChannel' channel
2026-01-09T12:10:14.460-06:00  INFO 11492 --- [order] [SpringApplicationShutdownHook] [                                                 ] o.s.i.channel.PublishSubscribeChannel    : Channel 'order.errorChannel' has 0 subscriber(s).
2026-01-09T12:10:14.460-06:00  INFO 11492 --- [order] [SpringApplicationShutdownHook] [                                                 ] o.s.i.endpoint.EventDrivenConsumer       : stopped bean '_org.springframework.integration.errorLogger'
2026-01-09T12:10:14.473-06:00  INFO 11492 --- [order] [SpringApplicationShutdownHook] [                                                 ] j.LocalContainerEntityManagerFactoryBean : Closing JPA EntityManagerFactory for persistence unit 'default'
2026-01-09T12:10:14.475-06:00  INFO 11492 --- [order] [SpringApplicationShutdownHook] [                                                 ] com.zaxxer.hikari.HikariDataSource       : HikariPool-1 - Shutdown initiated...
2026-01-09T12:10:14.477-06:00  INFO 11492 --- [order] [SpringApplicationShutdownHook] [                                                 ] com.zaxxer.hikari.HikariDataSource       : HikariPool-1 - Shutdown completed.
2026-01-09T12:10:14.627-06:00  INFO 11492 --- [order] [SpringApplicationShutdownHook] [                                                 ] com.netflix.discovery.DiscoveryClient    : Shutting down DiscoveryClient ...
2026-01-09T12:10:17.631-06:00  INFO 11492 --- [order] [SpringApplicationShutdownHook] [                                                 ] com.netflix.discovery.DiscoveryClient    : Unregistering ...
2026-01-09T12:10:17.654-06:00  INFO 11492 --- [order] [SpringApplicationShutdownHook] [                                                 ] com.netflix.discovery.DiscoveryClient    : DiscoveryClient_ORDER/MSI.mshome.net:order:8083 - deregister  status: 200
2026-01-09T12:10:17.655-06:00  INFO 11492 --- [order] [SpringApplicationShutdownHook] [                                                 ] com.netflix.discovery.DiscoveryClient    : Completed shut down of DiscoveryClient
2026-01-09T12:10:21.948-06:00  INFO 21020 --- [order] [main] [                                                 ] com.indi.order.OrderApplication          : Starting OrderApplication using Java 21.0.6 with PID 21020 (C:\Users\Fanta\Documents\01-desarrollo\A8_microservices_kubernetes_india\B2_secc_16_eureka_ecomm\order\target\classes started by Fanta in C:\Users\Fanta\Documents\01-desarrollo\A8_microservices_kubernetes_india\B2_secc_16_eureka_ecomm)
2026-01-09T12:10:21.952-06:00  INFO 21020 --- [order] [main] [                                                 ] com.indi.order.OrderApplication          : No active profile set, falling back to 1 default profile: "default"
2026-01-09T12:10:22.004-06:00  INFO 21020 --- [order] [main] [                                                 ] o.s.c.c.c.ConfigServerConfigDataLoader   : Fetching config from server at : http://localhost:8888
2026-01-09T12:10:22.004-06:00  INFO 21020 --- [order] [main] [                                                 ] o.s.c.c.c.ConfigServerConfigDataLoader   : Located environment: name=order, profiles=[default], label=null, version=null, state=null
2026-01-09T12:10:23.470-06:00  INFO 21020 --- [order] [main] [                                                 ] .s.d.r.c.RepositoryConfigurationDelegate : Bootstrapping Spring Data JPA repositories in DEFAULT mode.
2026-01-09T12:10:23.627-06:00  INFO 21020 --- [order] [main] [                                                 ] .s.d.r.c.RepositoryConfigurationDelegate : Finished Spring Data repository scanning in 148 ms. Found 2 JPA repository interfaces.
2026-01-09T12:10:23.893-06:00  INFO 21020 --- [order] [main] [                                                 ] faultConfiguringBeanFactoryPostProcessor : No bean named 'errorChannel' has been explicitly defined. Therefore, a default PublishSubscribeChannel will be created.
2026-01-09T12:10:23.901-06:00  INFO 21020 --- [order] [main] [                                                 ] faultConfiguringBeanFactoryPostProcessor : No bean named 'integrationHeaderChannelRegistry' has been explicitly defined. Therefore, a default DefaultHeaderChannelRegistry will be created.
2026-01-09T12:10:24.043-06:00  INFO 21020 --- [order] [main] [                                                 ] o.s.cloud.context.scope.GenericScope     : BeanFactory id=05220552-8bd6-3f8f-8b5e-81d87aac2686
2026-01-09T12:10:25.023-06:00  INFO 21020 --- [order] [main] [                                                 ] o.s.b.w.embedded.tomcat.TomcatWebServer  : Tomcat initialized with port 8083 (http)
2026-01-09T12:10:25.037-06:00  INFO 21020 --- [order] [main] [                                                 ] o.apache.catalina.core.StandardService   : Starting service [Tomcat]
2026-01-09T12:10:25.037-06:00  INFO 21020 --- [order] [main] [                                                 ] o.apache.catalina.core.StandardEngine    : Starting Servlet engine: [Apache Tomcat/10.1.36]
2026-01-09T12:10:25.127-06:00  INFO 21020 --- [order] [main] [                                                 ] o.a.c.c.C.[Tomcat].[localhost].[/]       : Initializing Spring embedded WebApplicationContext
2026-01-09T12:10:25.127-06:00  INFO 21020 --- [order] [main] [                                                 ] w.s.c.ServletWebServerApplicationContext : Root WebApplicationContext: initialization completed in 3120 ms
2026-01-09T12:10:26.014-06:00  INFO 21020 --- [order] [main] [                                                 ] o.hibernate.jpa.internal.util.LogHelper  : HHH000204: Processing PersistenceUnitInfo [name: default]
2026-01-09T12:10:26.061-06:00  INFO 21020 --- [order] [main] [                                                 ] org.hibernate.Version                    : HHH000412: Hibernate ORM core version 6.6.8.Final
2026-01-09T12:10:26.088-06:00  INFO 21020 --- [order] [main] [                                                 ] o.h.c.internal.RegionFactoryInitiator    : HHH000026: Second-level cache disabled
2026-01-09T12:10:26.297-06:00  INFO 21020 --- [order] [main] [                                                 ] o.s.o.j.p.SpringPersistenceUnitInfo      : No LoadTimeWeaver setup: ignoring JPA class transformer
2026-01-09T12:10:26.328-06:00  INFO 21020 --- [order] [main] [                                                 ] com.zaxxer.hikari.HikariDataSource       : HikariPool-1 - Starting...
2026-01-09T12:10:26.460-06:00  INFO 21020 --- [order] [main] [                                                 ] com.zaxxer.hikari.pool.HikariPool        : HikariPool-1 - Added connection org.postgresql.jdbc.PgConnection@2d7df55
2026-01-09T12:10:26.462-06:00  INFO 21020 --- [order] [main] [                                                 ] com.zaxxer.hikari.HikariDataSource       : HikariPool-1 - Start completed.
2026-01-09T12:10:26.491-06:00  WARN 21020 --- [order] [main] [                                                 ] org.hibernate.orm.deprecation            : HHH90000025: PostgreSQLDialect does not need to be specified explicitly using 'hibernate.dialect' (remove the property setting and it will be selected by default)
2026-01-09T12:10:26.508-06:00  INFO 21020 --- [order] [main] [                                                 ] org.hibernate.orm.connections.pooling    : HHH10001005: Database info:
	Database JDBC URL [Connecting through datasource 'HikariDataSource (HikariPool-1)']
	Database driver: undefined/unknown
	Database version: 14.19
	Autocommit mode: undefined/unknown
	Isolation level: undefined/unknown
	Minimum pool size: undefined/unknown
	Maximum pool size: undefined/unknown
2026-01-09T12:10:27.363-06:00  INFO 21020 --- [order] [main] [                                                 ] o.h.e.t.j.p.i.JtaPlatformInitiator       : HHH000489: No JTA platform available (set 'hibernate.transaction.jta.platform' to enable JTA platform integration)
2026-01-09T12:10:27.499-06:00  INFO 21020 --- [order] [main] [                                                 ] j.LocalContainerEntityManagerFactoryBean : Initialized JPA EntityManagerFactory for persistence unit 'default'
2026-01-09T12:10:28.273-06:00  WARN 21020 --- [order] [main] [                                                 ] JpaBaseConfiguration$JpaWebConfiguration : spring.jpa.open-in-view is enabled by default. Therefore, database queries may be performed during view rendering. Explicitly configure spring.jpa.open-in-view to disable this warning
2026-01-09T12:10:29.501-06:00  INFO 21020 --- [order] [main] [                                                 ] o.s.c.s.m.DirectWithAttributesChannel    : Channel 'order.springCloudBusInput' has 1 subscriber(s).
2026-01-09T12:10:29.802-06:00  INFO 21020 --- [order] [main] [                                                 ] DiscoveryClientOptionalArgsConfiguration : Eureka HTTP Client uses RestTemplate.
2026-01-09T12:10:29.864-06:00  WARN 21020 --- [order] [main] [                                                 ] iguration$LoadBalancerCaffeineWarnLogger : Spring Cloud LoadBalancer is currently working with the default cache. While this cache implementation is useful for development and tests, it's recommended to use Caffeine cache in production.You can switch to using Caffeine cache, by adding it and org.springframework.cache.caffeine.CaffeineCacheManager to the classpath.
2026-01-09T12:10:29.875-06:00  INFO 21020 --- [order] [main] [                                                 ] o.s.b.a.e.web.EndpointLinksResolver      : Exposing 26 endpoints beneath base path '/actuator'
2026-01-09T12:10:29.998-06:00  INFO 21020 --- [order] [main] [                                                 ] o.s.i.endpoint.EventDrivenConsumer       : Adding {logging-channel-adapter:_org.springframework.integration.errorLogger} as a subscriber to the 'errorChannel' channel
2026-01-09T12:10:29.998-06:00  INFO 21020 --- [order] [main] [                                                 ] o.s.i.channel.PublishSubscribeChannel    : Channel 'order.errorChannel' has 1 subscriber(s).
2026-01-09T12:10:29.999-06:00  INFO 21020 --- [order] [main] [                                                 ] o.s.i.endpoint.EventDrivenConsumer       : started bean '_org.springframework.integration.errorLogger'
2026-01-09T12:10:30.014-06:00  INFO 21020 --- [order] [main] [                                                 ] o.s.c.n.eureka.InstanceInfoFactory       : Setting initial instance status as: STARTING
2026-01-09T12:10:30.032-06:00  INFO 21020 --- [order] [main] [                                                 ] com.netflix.discovery.DiscoveryClient    : Initializing Eureka in region us-east-1
2026-01-09T12:10:30.036-06:00  INFO 21020 --- [order] [main] [                                                 ] c.n.d.s.r.aws.ConfigClusterResolver      : Resolving eureka endpoints via configuration
2026-01-09T12:10:30.124-06:00  INFO 21020 --- [order] [main] [                                                 ] com.netflix.discovery.DiscoveryClient    : Disable delta property : false
2026-01-09T12:10:30.125-06:00  INFO 21020 --- [order] [main] [                                                 ] com.netflix.discovery.DiscoveryClient    : Single vip registry refresh property : null
2026-01-09T12:10:30.125-06:00  INFO 21020 --- [order] [main] [                                                 ] com.netflix.discovery.DiscoveryClient    : Force full registry fetch : false
2026-01-09T12:10:30.125-06:00  INFO 21020 --- [order] [main] [                                                 ] com.netflix.discovery.DiscoveryClient    : Application is null : false
2026-01-09T12:10:30.125-06:00  INFO 21020 --- [order] [main] [                                                 ] com.netflix.discovery.DiscoveryClient    : Registered Applications size is zero : true
2026-01-09T12:10:30.125-06:00  INFO 21020 --- [order] [main] [                                                 ] com.netflix.discovery.DiscoveryClient    : Application version is -1: true
2026-01-09T12:10:30.125-06:00  INFO 21020 --- [order] [main] [                                                 ] com.netflix.discovery.DiscoveryClient    : Getting all instance registry info from the eureka server
2026-01-09T12:10:30.276-06:00  INFO 21020 --- [order] [main] [                                                 ] com.netflix.discovery.DiscoveryClient    : The response status is 200
2026-01-09T12:10:30.278-06:00  INFO 21020 --- [order] [main] [                                                 ] com.netflix.discovery.DiscoveryClient    : Starting heartbeat executor: renew interval is: 30
2026-01-09T12:10:30.280-06:00  INFO 21020 --- [order] [main] [                                                 ] c.n.discovery.InstanceInfoReplicator     : InstanceInfoReplicator onDemand update allowed rate per min is 4
2026-01-09T12:10:30.281-06:00  INFO 21020 --- [order] [main] [                                                 ] com.netflix.discovery.DiscoveryClient    : Discovery Client initialized at timestamp 1767982230281 with initial instances count: 2
2026-01-09T12:10:30.286-06:00  INFO 21020 --- [order] [main] [                                                 ] o.s.c.n.e.s.EurekaServiceRegistry        : Registering application ORDER with eureka with status UP
2026-01-09T12:10:30.286-06:00  INFO 21020 --- [order] [main] [                                                 ] com.netflix.discovery.DiscoveryClient    : Saw local status change event StatusChangeEvent [timestamp=1767982230286, current=UP, previous=STARTING]
2026-01-09T12:10:30.288-06:00  INFO 21020 --- [order] [DiscoveryClient-InstanceInfoReplicator-%d] [                                                 ] com.netflix.discovery.DiscoveryClient    : DiscoveryClient_ORDER/MSI.mshome.net:order:8083: registering service...
2026-01-09T12:10:30.309-06:00  INFO 21020 --- [order] [main] [                                                 ] o.s.b.w.embedded.tomcat.TomcatWebServer  : Tomcat started on port 8083 (http) with context path '/'
2026-01-09T12:10:30.310-06:00  INFO 21020 --- [order] [main] [                                                 ] .s.c.n.e.s.EurekaAutoServiceRegistration : Updating port to 8083
2026-01-09T12:10:30.323-06:00  INFO 21020 --- [order] [main] [                                                 ] o.s.c.s.binder.DefaultBinderFactory      : Creating binder: rabbit
2026-01-09T12:10:30.323-06:00  INFO 21020 --- [order] [main] [                                                 ] o.s.c.s.binder.DefaultBinderFactory      : Constructing binder child context for rabbit
2026-01-09T12:10:30.325-06:00  INFO 21020 --- [order] [DiscoveryClient-InstanceInfoReplicator-%d] [                                                 ] com.netflix.discovery.DiscoveryClient    : DiscoveryClient_ORDER/MSI.mshome.net:order:8083 - registration status: 204
2026-01-09T12:10:30.432-06:00  INFO 21020 --- [order] [main] [                                                 ] o.s.c.s.binder.DefaultBinderFactory      : Caching the binder: rabbit
2026-01-09T12:10:30.465-06:00  INFO 21020 --- [order] [main] [                                                 ] c.s.b.r.p.RabbitExchangeQueueProvisioner : declaring queue for inbound: springCloudBus.anonymous.sohPBv2tRs2cuIMWi7dsKg, bound to: springCloudBus
2026-01-09T12:10:30.471-06:00  INFO 21020 --- [order] [main] [                                                 ] o.s.a.r.c.CachingConnectionFactory       : Attempting to connect to: [localhost:5672]
2026-01-09T12:10:30.532-06:00  INFO 21020 --- [order] [main] [                                                 ] o.s.a.r.c.CachingConnectionFactory       : Created new connection: rabbitConnectionFactory#71f01211:0/SimpleConnection@2028ecf4 [delegate=amqp://guest@127.0.0.1:5672/, localPort=52032]
2026-01-09T12:10:30.594-06:00  INFO 21020 --- [order] [main] [                                                 ] o.s.c.stream.binder.BinderErrorChannel   : Channel 'rabbit-82301410.springCloudBusInput.errors' has 1 subscriber(s).
2026-01-09T12:10:30.595-06:00  INFO 21020 --- [order] [main] [                                                 ] o.s.c.stream.binder.BinderErrorChannel   : Channel 'rabbit-82301410.springCloudBusInput.errors' has 2 subscriber(s).
2026-01-09T12:10:30.617-06:00  INFO 21020 --- [order] [main] [                                                 ] o.s.i.a.i.AmqpInboundChannelAdapter      : started bean 'inbound.springCloudBus.anonymous.sohPBv2tRs2cuIMWi7dsKg'
2026-01-09T12:10:30.683-06:00  INFO 21020 --- [order] [main] [                                                 ] com.indi.order.OrderApplication          : Started OrderApplication in 9.814 seconds (process running for 10.687)
2026-01-09T12:13:41.834-06:00  INFO 21020 --- [order] [http-nio-8083-exec-2] [                                                 ] o.a.c.c.C.[Tomcat].[localhost].[/]       : Initializing Spring DispatcherServlet 'dispatcherServlet'
2026-01-09T12:13:41.834-06:00  INFO 21020 --- [order] [http-nio-8083-exec-2] [                                                 ] o.s.web.servlet.DispatcherServlet        : Initializing Servlet 'dispatcherServlet'
2026-01-09T12:13:41.837-06:00  INFO 21020 --- [order] [http-nio-8083-exec-2] [                                                 ] o.s.web.servlet.DispatcherServlet        : Completed initialization in 3 ms
2026-01-09T12:14:12.500-06:00 ERROR 21020 --- [order] [http-nio-8083-exec-2] [                                                 ] o.a.c.c.C.[.[.[/].[dispatcherServlet]    : Servlet.service() for servlet [dispatcherServlet] in context with path [] threw exception [Request processing failed: org.springframework.web.client.HttpServerErrorException$InternalServerError: 500 : "{"timestamp":"2026-01-09T18:14:12.475+00:00","status":500,"error":"Internal Server Error","path":"/api/users/1"}"] with root cause

org.springframework.web.client.HttpServerErrorException$InternalServerError: 500 : "{"timestamp":"2026-01-09T18:14:12.475+00:00","status":500,"error":"Internal Server Error","path":"/api/users/1"}"
	at org.springframework.web.client.HttpServerErrorException.create(HttpServerErrorException.java:102) ~[spring-web-6.2.3.jar:6.2.3]
	at org.springframework.web.client.StatusHandler.lambda$defaultHandler$3(StatusHandler.java:89) ~[spring-web-6.2.3.jar:6.2.3]
	at org.springframework.web.client.StatusHandler.handle(StatusHandler.java:146) ~[spring-web-6.2.3.jar:6.2.3]
	at org.springframework.web.client.DefaultRestClient$DefaultResponseSpec.applyStatusHandlers(DefaultRestClient.java:826) ~[spring-web-6.2.3.jar:6.2.3]
	at org.springframework.web.client.DefaultRestClient$DefaultResponseSpec.lambda$readBody$4(DefaultRestClient.java:815) ~[spring-web-6.2.3.jar:6.2.3]
	at org.springframework.web.client.DefaultRestClient.readWithMessageConverters(DefaultRestClient.java:215) ~[spring-web-6.2.3.jar:6.2.3]
	at org.springframework.web.client.DefaultRestClient$DefaultResponseSpec.readBody(DefaultRestClient.java:814) ~[spring-web-6.2.3.jar:6.2.3]
	at org.springframework.web.client.DefaultRestClient$DefaultResponseSpec.lambda$body$1(DefaultRestClient.java:753) ~[spring-web-6.2.3.jar:6.2.3]
	at org.springframework.web.client.DefaultRestClient$DefaultRequestBodyUriSpec.exchangeInternal(DefaultRestClient.java:574) ~[spring-web-6.2.3.jar:6.2.3]
	at org.springframework.web.client.DefaultRestClient$DefaultRequestBodyUriSpec.exchange(DefaultRestClient.java:535) ~[spring-web-6.2.3.jar:6.2.3]
	at org.springframework.web.client.RestClient$RequestHeadersSpec.exchange(RestClient.java:677) ~[spring-web-6.2.3.jar:6.2.3]
	at org.springframework.web.client.DefaultRestClient$DefaultResponseSpec.executeAndExtract(DefaultRestClient.java:809) ~[spring-web-6.2.3.jar:6.2.3]
	at org.springframework.web.client.DefaultRestClient$DefaultResponseSpec.body(DefaultRestClient.java:753) ~[spring-web-6.2.3.jar:6.2.3]
	at org.springframework.web.client.support.RestClientAdapter.exchangeForBody(RestClientAdapter.java:75) ~[spring-web-6.2.3.jar:6.2.3]
	at org.springframework.web.service.invoker.HttpServiceMethod$ExchangeResponseFunction.lambda$create$4(HttpServiceMethod.java:425) ~[spring-web-6.2.3.jar:6.2.3]
	at org.springframework.web.service.invoker.HttpServiceMethod$ExchangeResponseFunction.execute(HttpServiceMethod.java:382) ~[spring-web-6.2.3.jar:6.2.3]
	at org.springframework.web.service.invoker.HttpServiceMethod.invoke(HttpServiceMethod.java:133) ~[spring-web-6.2.3.jar:6.2.3]
	at org.springframework.web.service.invoker.HttpServiceProxyFactory$HttpServiceMethodInterceptor.invoke(HttpServiceProxyFactory.java:243) ~[spring-web-6.2.3.jar:6.2.3]
	at org.springframework.aop.framework.ReflectiveMethodInvocation.proceed(ReflectiveMethodInvocation.java:184) ~[spring-aop-6.2.3.jar:6.2.3]
	at org.springframework.aop.framework.JdkDynamicAopProxy.invoke(JdkDynamicAopProxy.java:223) ~[spring-aop-6.2.3.jar:6.2.3]
	at jdk.proxy2/jdk.proxy2.$Proxy187.getUserDetails(Unknown Source) ~[na:na]
	at com.indi.order.model.service.CartItemService.addToCart(CartItemService.java:35) ~[classes/:na]
	at java.base/jdk.internal.reflect.DirectMethodHandleAccessor.invoke(DirectMethodHandleAccessor.java:103) ~[na:na]
	at java.base/java.lang.reflect.Method.invoke(Method.java:580) ~[na:na]
	at org.springframework.aop.support.AopUtils.invokeJoinpointUsingReflection(AopUtils.java:359) ~[spring-aop-6.2.3.jar:6.2.3]
	at org.springframework.aop.framework.ReflectiveMethodInvocation.invokeJoinpoint(ReflectiveMethodInvocation.java:196) ~[spring-aop-6.2.3.jar:6.2.3]
	at org.springframework.aop.framework.ReflectiveMethodInvocation.proceed(ReflectiveMethodInvocation.java:163) ~[spring-aop-6.2.3.jar:6.2.3]
	at org.springframework.transaction.interceptor.TransactionAspectSupport.invokeWithinTransaction(TransactionAspectSupport.java:380) ~[spring-tx-6.2.3.jar:6.2.3]
	at org.springframework.transaction.interceptor.TransactionInterceptor.invoke(TransactionInterceptor.java:119) ~[spring-tx-6.2.3.jar:6.2.3]
	at org.springframework.aop.framework.ReflectiveMethodInvocation.proceed(ReflectiveMethodInvocation.java:184) ~[spring-aop-6.2.3.jar:6.2.3]
	at org.springframework.aop.framework.CglibAopProxy$DynamicAdvisedInterceptor.intercept(CglibAopProxy.java:727) ~[spring-aop-6.2.3.jar:6.2.3]
	at com.indi.order.model.service.CartItemService$$SpringCGLIB$$0.addToCart(<generated>) ~[classes/:na]
	at com.indi.order.controller.CartItemController.addToCart(CartItemController.java:30) ~[classes/:na]
	at java.base/jdk.internal.reflect.DirectMethodHandleAccessor.invoke(DirectMethodHandleAccessor.java:103) ~[na:na]
	at java.base/java.lang.reflect.Method.invoke(Method.java:580) ~[na:na]
	at org.springframework.web.method.support.InvocableHandlerMethod.doInvoke(InvocableHandlerMethod.java:257) ~[spring-web-6.2.3.jar:6.2.3]
	at org.springframework.web.method.support.InvocableHandlerMethod.invokeForRequest(InvocableHandlerMethod.java:190) ~[spring-web-6.2.3.jar:6.2.3]
	at org.springframework.web.servlet.mvc.method.annotation.ServletInvocableHandlerMethod.invokeAndHandle(ServletInvocableHandlerMethod.java:118) ~[spring-webmvc-6.2.3.jar:6.2.3]
	at org.springframework.web.servlet.mvc.method.annotation.RequestMappingHandlerAdapter.invokeHandlerMethod(RequestMappingHandlerAdapter.java:986) ~[spring-webmvc-6.2.3.jar:6.2.3]
	at org.springframework.web.servlet.mvc.method.annotation.RequestMappingHandlerAdapter.handleInternal(RequestMappingHandlerAdapter.java:891) ~[spring-webmvc-6.2.3.jar:6.2.3]
	at org.springframework.web.servlet.mvc.method.AbstractHandlerMethodAdapter.handle(AbstractHandlerMethodAdapter.java:87) ~[spring-webmvc-6.2.3.jar:6.2.3]
	at org.springframework.web.servlet.DispatcherServlet.doDispatch(DispatcherServlet.java:1088) ~[spring-webmvc-6.2.3.jar:6.2.3]
	at org.springframework.web.servlet.DispatcherServlet.doService(DispatcherServlet.java:978) ~[spring-webmvc-6.2.3.jar:6.2.3]
	at org.springframework.web.servlet.FrameworkServlet.processRequest(FrameworkServlet.java:1014) ~[spring-webmvc-6.2.3.jar:6.2.3]
	at org.springframework.web.servlet.FrameworkServlet.doPost(FrameworkServlet.java:914) ~[spring-webmvc-6.2.3.jar:6.2.3]
	at jakarta.servlet.http.HttpServlet.service(HttpServlet.java:590) ~[tomcat-embed-core-10.1.36.jar:6.0]
	at org.springframework.web.servlet.FrameworkServlet.service(FrameworkServlet.java:885) ~[spring-webmvc-6.2.3.jar:6.2.3]
	at jakarta.servlet.http.HttpServlet.service(HttpServlet.java:658) ~[tomcat-embed-core-10.1.36.jar:6.0]
	at org.apache.catalina.core.ApplicationFilterChain.internalDoFilter(ApplicationFilterChain.java:195) ~[tomcat-embed-core-10.1.36.jar:10.1.36]
	at org.apache.catalina.core.ApplicationFilterChain.doFilter(ApplicationFilterChain.java:140) ~[tomcat-embed-core-10.1.36.jar:10.1.36]
	at org.apache.tomcat.websocket.server.WsFilter.doFilter(WsFilter.java:51) ~[tomcat-embed-websocket-10.1.36.jar:10.1.36]
	at org.apache.catalina.core.ApplicationFilterChain.internalDoFilter(ApplicationFilterChain.java:164) ~[tomcat-embed-core-10.1.36.jar:10.1.36]
	at org.apache.catalina.core.ApplicationFilterChain.doFilter(ApplicationFilterChain.java:140) ~[tomcat-embed-core-10.1.36.jar:10.1.36]
	at org.springframework.web.filter.RequestContextFilter.doFilterInternal(RequestContextFilter.java:100) ~[spring-web-6.2.3.jar:6.2.3]
	at org.springframework.web.filter.OncePerRequestFilter.doFilter(OncePerRequestFilter.java:116) ~[spring-web-6.2.3.jar:6.2.3]
	at org.apache.catalina.core.ApplicationFilterChain.internalDoFilter(ApplicationFilterChain.java:164) ~[tomcat-embed-core-10.1.36.jar:10.1.36]
	at org.apache.catalina.core.ApplicationFilterChain.doFilter(ApplicationFilterChain.java:140) ~[tomcat-embed-core-10.1.36.jar:10.1.36]
	at org.springframework.web.filter.FormContentFilter.doFilterInternal(FormContentFilter.java:93) ~[spring-web-6.2.3.jar:6.2.3]
	at org.springframework.web.filter.OncePerRequestFilter.doFilter(OncePerRequestFilter.java:116) ~[spring-web-6.2.3.jar:6.2.3]
	at org.apache.catalina.core.ApplicationFilterChain.internalDoFilter(ApplicationFilterChain.java:164) ~[tomcat-embed-core-10.1.36.jar:10.1.36]
	at org.apache.catalina.core.ApplicationFilterChain.doFilter(ApplicationFilterChain.java:140) ~[tomcat-embed-core-10.1.36.jar:10.1.36]
	at org.springframework.web.filter.ServerHttpObservationFilter.doFilterInternal(ServerHttpObservationFilter.java:114) ~[spring-web-6.2.3.jar:6.2.3]
	at org.springframework.web.filter.OncePerRequestFilter.doFilter(OncePerRequestFilter.java:116) ~[spring-web-6.2.3.jar:6.2.3]
	at org.apache.catalina.core.ApplicationFilterChain.internalDoFilter(ApplicationFilterChain.java:164) ~[tomcat-embed-core-10.1.36.jar:10.1.36]
	at org.apache.catalina.core.ApplicationFilterChain.doFilter(ApplicationFilterChain.java:140) ~[tomcat-embed-core-10.1.36.jar:10.1.36]
	at org.springframework.web.filter.CharacterEncodingFilter.doFilterInternal(CharacterEncodingFilter.java:201) ~[spring-web-6.2.3.jar:6.2.3]
	at org.springframework.web.filter.OncePerRequestFilter.doFilter(OncePerRequestFilter.java:116) ~[spring-web-6.2.3.jar:6.2.3]
	at org.apache.catalina.core.ApplicationFilterChain.internalDoFilter(ApplicationFilterChain.java:164) ~[tomcat-embed-core-10.1.36.jar:10.1.36]
	at org.apache.catalina.core.ApplicationFilterChain.doFilter(ApplicationFilterChain.java:140) ~[tomcat-embed-core-10.1.36.jar:10.1.36]
	at org.apache.catalina.core.StandardWrapperValve.invoke(StandardWrapperValve.java:167) ~[tomcat-embed-core-10.1.36.jar:10.1.36]
	at org.apache.catalina.core.StandardContextValve.invoke(StandardContextValve.java:90) ~[tomcat-embed-core-10.1.36.jar:10.1.36]
	at org.apache.catalina.authenticator.AuthenticatorBase.invoke(AuthenticatorBase.java:483) ~[tomcat-embed-core-10.1.36.jar:10.1.36]
	at org.apache.catalina.core.StandardHostValve.invoke(StandardHostValve.java:115) ~[tomcat-embed-core-10.1.36.jar:10.1.36]
	at org.apache.catalina.valves.ErrorReportValve.invoke(ErrorReportValve.java:93) ~[tomcat-embed-core-10.1.36.jar:10.1.36]
	at org.apache.catalina.core.StandardEngineValve.invoke(StandardEngineValve.java:74) ~[tomcat-embed-core-10.1.36.jar:10.1.36]
	at org.apache.catalina.connector.CoyoteAdapter.service(CoyoteAdapter.java:344) ~[tomcat-embed-core-10.1.36.jar:10.1.36]
	at org.apache.coyote.http11.Http11Processor.service(Http11Processor.java:397) ~[tomcat-embed-core-10.1.36.jar:10.1.36]
	at org.apache.coyote.AbstractProcessorLight.process(AbstractProcessorLight.java:63) ~[tomcat-embed-core-10.1.36.jar:10.1.36]
	at org.apache.coyote.AbstractProtocol$ConnectionHandler.process(AbstractProtocol.java:905) ~[tomcat-embed-core-10.1.36.jar:10.1.36]
	at org.apache.tomcat.util.net.NioEndpoint$SocketProcessor.doRun(NioEndpoint.java:1743) ~[tomcat-embed-core-10.1.36.jar:10.1.36]
	at org.apache.tomcat.util.net.SocketProcessorBase.run(SocketProcessorBase.java:52) ~[tomcat-embed-core-10.1.36.jar:10.1.36]
	at org.apache.tomcat.util.threads.ThreadPoolExecutor.runWorker(ThreadPoolExecutor.java:1190) ~[tomcat-embed-core-10.1.36.jar:10.1.36]
	at org.apache.tomcat.util.threads.ThreadPoolExecutor$Worker.run(ThreadPoolExecutor.java:659) ~[tomcat-embed-core-10.1.36.jar:10.1.36]
	at org.apache.tomcat.util.threads.TaskThread$WrappingRunnable.run(TaskThread.java:63) ~[tomcat-embed-core-10.1.36.jar:10.1.36]
	at java.base/java.lang.Thread.run(Thread.java:1583) ~[na:na]

2026-01-09T12:14:36.751-06:00 ERROR 21020 --- [order] [http-nio-8083-exec-4] [                                                 ] o.a.c.c.C.[.[.[/].[dispatcherServlet]    : Servlet.service() for servlet [dispatcherServlet] in context with path [] threw exception [Request processing failed: org.springframework.web.client.HttpServerErrorException$InternalServerError: 500 : "{"timestamp":"2026-01-09T18:14:36.748+00:00","status":500,"error":"Internal Server Error","path":"/api/users/1"}"] with root cause

org.springframework.web.client.HttpServerErrorException$InternalServerError: 500 : "{"timestamp":"2026-01-09T18:14:36.748+00:00","status":500,"error":"Internal Server Error","path":"/api/users/1"}"
	at org.springframework.web.client.HttpServerErrorException.create(HttpServerErrorException.java:102) ~[spring-web-6.2.3.jar:6.2.3]
	at org.springframework.web.client.StatusHandler.lambda$defaultHandler$3(StatusHandler.java:89) ~[spring-web-6.2.3.jar:6.2.3]
	at org.springframework.web.client.StatusHandler.handle(StatusHandler.java:146) ~[spring-web-6.2.3.jar:6.2.3]
	at org.springframework.web.client.DefaultRestClient$DefaultResponseSpec.applyStatusHandlers(DefaultRestClient.java:826) ~[spring-web-6.2.3.jar:6.2.3]
	at org.springframework.web.client.DefaultRestClient$DefaultResponseSpec.lambda$readBody$4(DefaultRestClient.java:815) ~[spring-web-6.2.3.jar:6.2.3]
	at org.springframework.web.client.DefaultRestClient.readWithMessageConverters(DefaultRestClient.java:215) ~[spring-web-6.2.3.jar:6.2.3]
	at org.springframework.web.client.DefaultRestClient$DefaultResponseSpec.readBody(DefaultRestClient.java:814) ~[spring-web-6.2.3.jar:6.2.3]
	at org.springframework.web.client.DefaultRestClient$DefaultResponseSpec.lambda$body$1(DefaultRestClient.java:753) ~[spring-web-6.2.3.jar:6.2.3]
	at org.springframework.web.client.DefaultRestClient$DefaultRequestBodyUriSpec.exchangeInternal(DefaultRestClient.java:574) ~[spring-web-6.2.3.jar:6.2.3]
	at org.springframework.web.client.DefaultRestClient$DefaultRequestBodyUriSpec.exchange(DefaultRestClient.java:535) ~[spring-web-6.2.3.jar:6.2.3]
	at org.springframework.web.client.RestClient$RequestHeadersSpec.exchange(RestClient.java:677) ~[spring-web-6.2.3.jar:6.2.3]
	at org.springframework.web.client.DefaultRestClient$DefaultResponseSpec.executeAndExtract(DefaultRestClient.java:809) ~[spring-web-6.2.3.jar:6.2.3]
	at org.springframework.web.client.DefaultRestClient$DefaultResponseSpec.body(DefaultRestClient.java:753) ~[spring-web-6.2.3.jar:6.2.3]
	at org.springframework.web.client.support.RestClientAdapter.exchangeForBody(RestClientAdapter.java:75) ~[spring-web-6.2.3.jar:6.2.3]
	at org.springframework.web.service.invoker.HttpServiceMethod$ExchangeResponseFunction.lambda$create$4(HttpServiceMethod.java:425) ~[spring-web-6.2.3.jar:6.2.3]
	at org.springframework.web.service.invoker.HttpServiceMethod$ExchangeResponseFunction.execute(HttpServiceMethod.java:382) ~[spring-web-6.2.3.jar:6.2.3]
	at org.springframework.web.service.invoker.HttpServiceMethod.invoke(HttpServiceMethod.java:133) ~[spring-web-6.2.3.jar:6.2.3]
	at org.springframework.web.service.invoker.HttpServiceProxyFactory$HttpServiceMethodInterceptor.invoke(HttpServiceProxyFactory.java:243) ~[spring-web-6.2.3.jar:6.2.3]
	at org.springframework.aop.framework.ReflectiveMethodInvocation.proceed(ReflectiveMethodInvocation.java:184) ~[spring-aop-6.2.3.jar:6.2.3]
	at org.springframework.aop.framework.JdkDynamicAopProxy.invoke(JdkDynamicAopProxy.java:223) ~[spring-aop-6.2.3.jar:6.2.3]
	at jdk.proxy2/jdk.proxy2.$Proxy187.getUserDetails(Unknown Source) ~[na:na]
	at com.indi.order.model.service.CartItemService.addToCart(CartItemService.java:35) ~[classes/:na]
	at java.base/jdk.internal.reflect.DirectMethodHandleAccessor.invoke(DirectMethodHandleAccessor.java:103) ~[na:na]
	at java.base/java.lang.reflect.Method.invoke(Method.java:580) ~[na:na]
	at org.springframework.aop.support.AopUtils.invokeJoinpointUsingReflection(AopUtils.java:359) ~[spring-aop-6.2.3.jar:6.2.3]
	at org.springframework.aop.framework.ReflectiveMethodInvocation.invokeJoinpoint(ReflectiveMethodInvocation.java:196) ~[spring-aop-6.2.3.jar:6.2.3]
	at org.springframework.aop.framework.ReflectiveMethodInvocation.proceed(ReflectiveMethodInvocation.java:163) ~[spring-aop-6.2.3.jar:6.2.3]
	at org.springframework.transaction.interceptor.TransactionAspectSupport.invokeWithinTransaction(TransactionAspectSupport.java:380) ~[spring-tx-6.2.3.jar:6.2.3]
	at org.springframework.transaction.interceptor.TransactionInterceptor.invoke(TransactionInterceptor.java:119) ~[spring-tx-6.2.3.jar:6.2.3]
	at org.springframework.aop.framework.ReflectiveMethodInvocation.proceed(ReflectiveMethodInvocation.java:184) ~[spring-aop-6.2.3.jar:6.2.3]
	at org.springframework.aop.framework.CglibAopProxy$DynamicAdvisedInterceptor.intercept(CglibAopProxy.java:727) ~[spring-aop-6.2.3.jar:6.2.3]
	at com.indi.order.model.service.CartItemService$$SpringCGLIB$$0.addToCart(<generated>) ~[classes/:na]
	at com.indi.order.controller.CartItemController.addToCart(CartItemController.java:30) ~[classes/:na]
	at java.base/jdk.internal.reflect.DirectMethodHandleAccessor.invoke(DirectMethodHandleAccessor.java:103) ~[na:na]
	at java.base/java.lang.reflect.Method.invoke(Method.java:580) ~[na:na]
	at org.springframework.web.method.support.InvocableHandlerMethod.doInvoke(InvocableHandlerMethod.java:257) ~[spring-web-6.2.3.jar:6.2.3]
	at org.springframework.web.method.support.InvocableHandlerMethod.invokeForRequest(InvocableHandlerMethod.java:190) ~[spring-web-6.2.3.jar:6.2.3]
	at org.springframework.web.servlet.mvc.method.annotation.ServletInvocableHandlerMethod.invokeAndHandle(ServletInvocableHandlerMethod.java:118) ~[spring-webmvc-6.2.3.jar:6.2.3]
	at org.springframework.web.servlet.mvc.method.annotation.RequestMappingHandlerAdapter.invokeHandlerMethod(RequestMappingHandlerAdapter.java:986) ~[spring-webmvc-6.2.3.jar:6.2.3]
	at org.springframework.web.servlet.mvc.method.annotation.RequestMappingHandlerAdapter.handleInternal(RequestMappingHandlerAdapter.java:891) ~[spring-webmvc-6.2.3.jar:6.2.3]
	at org.springframework.web.servlet.mvc.method.AbstractHandlerMethodAdapter.handle(AbstractHandlerMethodAdapter.java:87) ~[spring-webmvc-6.2.3.jar:6.2.3]
	at org.springframework.web.servlet.DispatcherServlet.doDispatch(DispatcherServlet.java:1088) ~[spring-webmvc-6.2.3.jar:6.2.3]
	at org.springframework.web.servlet.DispatcherServlet.doService(DispatcherServlet.java:978) ~[spring-webmvc-6.2.3.jar:6.2.3]
	at org.springframework.web.servlet.FrameworkServlet.processRequest(FrameworkServlet.java:1014) ~[spring-webmvc-6.2.3.jar:6.2.3]
	at org.springframework.web.servlet.FrameworkServlet.doPost(FrameworkServlet.java:914) ~[spring-webmvc-6.2.3.jar:6.2.3]
	at jakarta.servlet.http.HttpServlet.service(HttpServlet.java:590) ~[tomcat-embed-core-10.1.36.jar:6.0]
	at org.springframework.web.servlet.FrameworkServlet.service(FrameworkServlet.java:885) ~[spring-webmvc-6.2.3.jar:6.2.3]
	at jakarta.servlet.http.HttpServlet.service(HttpServlet.java:658) ~[tomcat-embed-core-10.1.36.jar:6.0]
	at org.apache.catalina.core.ApplicationFilterChain.internalDoFilter(ApplicationFilterChain.java:195) ~[tomcat-embed-core-10.1.36.jar:10.1.36]
	at org.apache.catalina.core.ApplicationFilterChain.doFilter(ApplicationFilterChain.java:140) ~[tomcat-embed-core-10.1.36.jar:10.1.36]
	at org.apache.tomcat.websocket.server.WsFilter.doFilter(WsFilter.java:51) ~[tomcat-embed-websocket-10.1.36.jar:10.1.36]
	at org.apache.catalina.core.ApplicationFilterChain.internalDoFilter(ApplicationFilterChain.java:164) ~[tomcat-embed-core-10.1.36.jar:10.1.36]
	at org.apache.catalina.core.ApplicationFilterChain.doFilter(ApplicationFilterChain.java:140) ~[tomcat-embed-core-10.1.36.jar:10.1.36]
	at org.springframework.web.filter.RequestContextFilter.doFilterInternal(RequestContextFilter.java:100) ~[spring-web-6.2.3.jar:6.2.3]
	at org.springframework.web.filter.OncePerRequestFilter.doFilter(OncePerRequestFilter.java:116) ~[spring-web-6.2.3.jar:6.2.3]
	at org.apache.catalina.core.ApplicationFilterChain.internalDoFilter(ApplicationFilterChain.java:164) ~[tomcat-embed-core-10.1.36.jar:10.1.36]
	at org.apache.catalina.core.ApplicationFilterChain.doFilter(ApplicationFilterChain.java:140) ~[tomcat-embed-core-10.1.36.jar:10.1.36]
	at org.springframework.web.filter.FormContentFilter.doFilterInternal(FormContentFilter.java:93) ~[spring-web-6.2.3.jar:6.2.3]
	at org.springframework.web.filter.OncePerRequestFilter.doFilter(OncePerRequestFilter.java:116) ~[spring-web-6.2.3.jar:6.2.3]
	at org.apache.catalina.core.ApplicationFilterChain.internalDoFilter(ApplicationFilterChain.java:164) ~[tomcat-embed-core-10.1.36.jar:10.1.36]
	at org.apache.catalina.core.ApplicationFilterChain.doFilter(ApplicationFilterChain.java:140) ~[tomcat-embed-core-10.1.36.jar:10.1.36]
	at org.springframework.web.filter.ServerHttpObservationFilter.doFilterInternal(ServerHttpObservationFilter.java:114) ~[spring-web-6.2.3.jar:6.2.3]
	at org.springframework.web.filter.OncePerRequestFilter.doFilter(OncePerRequestFilter.java:116) ~[spring-web-6.2.3.jar:6.2.3]
	at org.apache.catalina.core.ApplicationFilterChain.internalDoFilter(ApplicationFilterChain.java:164) ~[tomcat-embed-core-10.1.36.jar:10.1.36]
	at org.apache.catalina.core.ApplicationFilterChain.doFilter(ApplicationFilterChain.java:140) ~[tomcat-embed-core-10.1.36.jar:10.1.36]
	at org.springframework.web.filter.CharacterEncodingFilter.doFilterInternal(CharacterEncodingFilter.java:201) ~[spring-web-6.2.3.jar:6.2.3]
	at org.springframework.web.filter.OncePerRequestFilter.doFilter(OncePerRequestFilter.java:116) ~[spring-web-6.2.3.jar:6.2.3]
	at org.apache.catalina.core.ApplicationFilterChain.internalDoFilter(ApplicationFilterChain.java:164) ~[tomcat-embed-core-10.1.36.jar:10.1.36]
	at org.apache.catalina.core.ApplicationFilterChain.doFilter(ApplicationFilterChain.java:140) ~[tomcat-embed-core-10.1.36.jar:10.1.36]
	at org.apache.catalina.core.StandardWrapperValve.invoke(StandardWrapperValve.java:167) ~[tomcat-embed-core-10.1.36.jar:10.1.36]
	at org.apache.catalina.core.StandardContextValve.invoke(StandardContextValve.java:90) ~[tomcat-embed-core-10.1.36.jar:10.1.36]
	at org.apache.catalina.authenticator.AuthenticatorBase.invoke(AuthenticatorBase.java:483) ~[tomcat-embed-core-10.1.36.jar:10.1.36]
	at org.apache.catalina.core.StandardHostValve.invoke(StandardHostValve.java:115) ~[tomcat-embed-core-10.1.36.jar:10.1.36]
	at org.apache.catalina.valves.ErrorReportValve.invoke(ErrorReportValve.java:93) ~[tomcat-embed-core-10.1.36.jar:10.1.36]
	at org.apache.catalina.core.StandardEngineValve.invoke(StandardEngineValve.java:74) ~[tomcat-embed-core-10.1.36.jar:10.1.36]
	at org.apache.catalina.connector.CoyoteAdapter.service(CoyoteAdapter.java:344) ~[tomcat-embed-core-10.1.36.jar:10.1.36]
	at org.apache.coyote.http11.Http11Processor.service(Http11Processor.java:397) ~[tomcat-embed-core-10.1.36.jar:10.1.36]
	at org.apache.coyote.AbstractProcessorLight.process(AbstractProcessorLight.java:63) ~[tomcat-embed-core-10.1.36.jar:10.1.36]
	at org.apache.coyote.AbstractProtocol$ConnectionHandler.process(AbstractProtocol.java:905) ~[tomcat-embed-core-10.1.36.jar:10.1.36]
	at org.apache.tomcat.util.net.NioEndpoint$SocketProcessor.doRun(NioEndpoint.java:1743) ~[tomcat-embed-core-10.1.36.jar:10.1.36]
	at org.apache.tomcat.util.net.SocketProcessorBase.run(SocketProcessorBase.java:52) ~[tomcat-embed-core-10.1.36.jar:10.1.36]
	at org.apache.tomcat.util.threads.ThreadPoolExecutor.runWorker(ThreadPoolExecutor.java:1190) ~[tomcat-embed-core-10.1.36.jar:10.1.36]
	at org.apache.tomcat.util.threads.ThreadPoolExecutor$Worker.run(ThreadPoolExecutor.java:659) ~[tomcat-embed-core-10.1.36.jar:10.1.36]
	at org.apache.tomcat.util.threads.TaskThread$WrappingRunnable.run(TaskThread.java:63) ~[tomcat-embed-core-10.1.36.jar:10.1.36]
	at java.base/java.lang.Thread.run(Thread.java:1583) ~[na:na]

2026-01-09T12:15:20.715-06:00  INFO 21020 --- [order] [SpringApplicationShutdownHook] [                                                 ] o.s.c.n.e.s.EurekaServiceRegistry        : Unregistering application ORDER with eureka with status DOWN
2026-01-09T12:15:20.716-06:00  INFO 21020 --- [order] [SpringApplicationShutdownHook] [                                                 ] com.netflix.discovery.DiscoveryClient    : Saw local status change event StatusChangeEvent [timestamp=1767982520716, current=DOWN, previous=UP]
2026-01-09T12:15:20.716-06:00  INFO 21020 --- [order] [DiscoveryClient-InstanceInfoReplicator-%d] [                                                 ] com.netflix.discovery.DiscoveryClient    : DiscoveryClient_ORDER/MSI.mshome.net:order:8083: registering service...
2026-01-09T12:15:20.731-06:00  INFO 21020 --- [order] [SpringApplicationShutdownHook] [                                                 ] o.s.a.r.l.SimpleMessageListenerContainer : Waiting for workers to finish.
2026-01-09T12:15:20.731-06:00  INFO 21020 --- [order] [DiscoveryClient-InstanceInfoReplicator-%d] [                                                 ] com.netflix.discovery.DiscoveryClient    : DiscoveryClient_ORDER/MSI.mshome.net:order:8083 - registration status: 204
2026-01-09T12:15:21.275-06:00  INFO 21020 --- [order] [SpringApplicationShutdownHook] [                                                 ] o.s.a.r.l.SimpleMessageListenerContainer : Successfully waited for workers to finish.
2026-01-09T12:15:21.276-06:00  INFO 21020 --- [order] [SpringApplicationShutdownHook] [                                                 ] o.s.i.a.i.AmqpInboundChannelAdapter      : stopped bean 'inbound.springCloudBus.anonymous.sohPBv2tRs2cuIMWi7dsKg'
2026-01-09T12:15:21.282-06:00  INFO 21020 --- [order] [SpringApplicationShutdownHook] [                                                 ] o.s.c.stream.binder.BinderErrorChannel   : Channel 'order.rabbit-82301410.springCloudBusInput.errors' has 1 subscriber(s).
2026-01-09T12:15:21.283-06:00  INFO 21020 --- [order] [SpringApplicationShutdownHook] [                                                 ] o.s.c.stream.binder.BinderErrorChannel   : Channel 'order.rabbit-82301410.springCloudBusInput.errors' has 0 subscriber(s).
2026-01-09T12:15:21.284-06:00  INFO 21020 --- [order] [SpringApplicationShutdownHook] [                                                 ] o.s.b.w.e.tomcat.GracefulShutdown        : Commencing graceful shutdown. Waiting for active requests to complete
2026-01-09T12:15:21.292-06:00  INFO 21020 --- [order] [tomcat-shutdown] [                                                 ] o.s.b.w.e.tomcat.GracefulShutdown        : Graceful shutdown complete
2026-01-09T12:15:23.380-06:00  INFO 21020 --- [order] [SpringApplicationShutdownHook] [                                                 ] o.s.i.endpoint.EventDrivenConsumer       : Removing {logging-channel-adapter:_org.springframework.integration.errorLogger} as a subscriber to the 'errorChannel' channel
2026-01-09T12:15:23.380-06:00  INFO 21020 --- [order] [SpringApplicationShutdownHook] [                                                 ] o.s.i.channel.PublishSubscribeChannel    : Channel 'order.errorChannel' has 0 subscriber(s).
2026-01-09T12:15:23.380-06:00  INFO 21020 --- [order] [SpringApplicationShutdownHook] [                                                 ] o.s.i.endpoint.EventDrivenConsumer       : stopped bean '_org.springframework.integration.errorLogger'
2026-01-09T12:15:23.396-06:00  INFO 21020 --- [order] [SpringApplicationShutdownHook] [                                                 ] j.LocalContainerEntityManagerFactoryBean : Closing JPA EntityManagerFactory for persistence unit 'default'
2026-01-09T12:15:23.397-06:00  INFO 21020 --- [order] [SpringApplicationShutdownHook] [                                                 ] com.zaxxer.hikari.HikariDataSource       : HikariPool-1 - Shutdown initiated...
2026-01-09T12:15:23.400-06:00  INFO 21020 --- [order] [SpringApplicationShutdownHook] [                                                 ] com.zaxxer.hikari.HikariDataSource       : HikariPool-1 - Shutdown completed.
2026-01-09T12:15:24.312-06:00  INFO 21020 --- [order] [SpringApplicationShutdownHook] [                                                 ] com.netflix.discovery.DiscoveryClient    : Shutting down DiscoveryClient ...
2026-01-09T12:15:27.313-06:00  INFO 21020 --- [order] [SpringApplicationShutdownHook] [                                                 ] com.netflix.discovery.DiscoveryClient    : Unregistering ...
2026-01-09T12:15:27.330-06:00  INFO 21020 --- [order] [SpringApplicationShutdownHook] [                                                 ] com.netflix.discovery.DiscoveryClient    : DiscoveryClient_ORDER/MSI.mshome.net:order:8083 - deregister  status: 200
2026-01-09T12:15:27.331-06:00  INFO 21020 --- [order] [SpringApplicationShutdownHook] [                                                 ] com.netflix.discovery.DiscoveryClient    : Completed shut down of DiscoveryClient
2026-01-09T12:15:30.624-06:00  INFO 16864 --- [order] [main] [                                                 ] com.indi.order.OrderApplication          : Starting OrderApplication using Java 21.0.6 with PID 16864 (C:\Users\Fanta\Documents\01-desarrollo\A8_microservices_kubernetes_india\B2_secc_16_eureka_ecomm\order\target\classes started by Fanta in C:\Users\Fanta\Documents\01-desarrollo\A8_microservices_kubernetes_india\B2_secc_16_eureka_ecomm)
2026-01-09T12:15:30.637-06:00  INFO 16864 --- [order] [main] [                                                 ] com.indi.order.OrderApplication          : No active profile set, falling back to 1 default profile: "default"
2026-01-09T12:15:30.694-06:00  INFO 16864 --- [order] [main] [                                                 ] o.s.c.c.c.ConfigServerConfigDataLoader   : Fetching config from server at : http://localhost:8888
2026-01-09T12:15:30.694-06:00  INFO 16864 --- [order] [main] [                                                 ] o.s.c.c.c.ConfigServerConfigDataLoader   : Located environment: name=order, profiles=[default], label=null, version=null, state=null
2026-01-09T12:15:32.247-06:00  INFO 16864 --- [order] [main] [                                                 ] .s.d.r.c.RepositoryConfigurationDelegate : Bootstrapping Spring Data JPA repositories in DEFAULT mode.
2026-01-09T12:15:32.377-06:00  INFO 16864 --- [order] [main] [                                                 ] .s.d.r.c.RepositoryConfigurationDelegate : Finished Spring Data repository scanning in 120 ms. Found 2 JPA repository interfaces.
2026-01-09T12:15:32.673-06:00  INFO 16864 --- [order] [main] [                                                 ] faultConfiguringBeanFactoryPostProcessor : No bean named 'errorChannel' has been explicitly defined. Therefore, a default PublishSubscribeChannel will be created.
2026-01-09T12:15:32.686-06:00  INFO 16864 --- [order] [main] [                                                 ] faultConfiguringBeanFactoryPostProcessor : No bean named 'integrationHeaderChannelRegistry' has been explicitly defined. Therefore, a default DefaultHeaderChannelRegistry will be created.
2026-01-09T12:15:32.818-06:00  INFO 16864 --- [order] [main] [                                                 ] o.s.cloud.context.scope.GenericScope     : BeanFactory id=05220552-8bd6-3f8f-8b5e-81d87aac2686
2026-01-09T12:15:33.800-06:00  INFO 16864 --- [order] [main] [                                                 ] o.s.b.w.embedded.tomcat.TomcatWebServer  : Tomcat initialized with port 8083 (http)
2026-01-09T12:15:33.816-06:00  INFO 16864 --- [order] [main] [                                                 ] o.apache.catalina.core.StandardService   : Starting service [Tomcat]
2026-01-09T12:15:33.817-06:00  INFO 16864 --- [order] [main] [                                                 ] o.apache.catalina.core.StandardEngine    : Starting Servlet engine: [Apache Tomcat/10.1.36]
2026-01-09T12:15:33.925-06:00  INFO 16864 --- [order] [main] [                                                 ] o.a.c.c.C.[Tomcat].[localhost].[/]       : Initializing Spring embedded WebApplicationContext
2026-01-09T12:15:33.925-06:00  INFO 16864 --- [order] [main] [                                                 ] w.s.c.ServletWebServerApplicationContext : Root WebApplicationContext: initialization completed in 3229 ms
2026-01-09T12:15:34.795-06:00  INFO 16864 --- [order] [main] [                                                 ] o.hibernate.jpa.internal.util.LogHelper  : HHH000204: Processing PersistenceUnitInfo [name: default]
2026-01-09T12:15:34.842-06:00  INFO 16864 --- [order] [main] [                                                 ] org.hibernate.Version                    : HHH000412: Hibernate ORM core version 6.6.8.Final
2026-01-09T12:15:34.874-06:00  INFO 16864 --- [order] [main] [                                                 ] o.h.c.internal.RegionFactoryInitiator    : HHH000026: Second-level cache disabled
2026-01-09T12:15:35.103-06:00  INFO 16864 --- [order] [main] [                                                 ] o.s.o.j.p.SpringPersistenceUnitInfo      : No LoadTimeWeaver setup: ignoring JPA class transformer
2026-01-09T12:15:35.137-06:00  INFO 16864 --- [order] [main] [                                                 ] com.zaxxer.hikari.HikariDataSource       : HikariPool-1 - Starting...
2026-01-09T12:15:35.273-06:00  INFO 16864 --- [order] [main] [                                                 ] com.zaxxer.hikari.pool.HikariPool        : HikariPool-1 - Added connection org.postgresql.jdbc.PgConnection@73543048
2026-01-09T12:15:35.275-06:00  INFO 16864 --- [order] [main] [                                                 ] com.zaxxer.hikari.HikariDataSource       : HikariPool-1 - Start completed.
2026-01-09T12:15:35.306-06:00  WARN 16864 --- [order] [main] [                                                 ] org.hibernate.orm.deprecation            : HHH90000025: PostgreSQLDialect does not need to be specified explicitly using 'hibernate.dialect' (remove the property setting and it will be selected by default)
2026-01-09T12:15:35.324-06:00  INFO 16864 --- [order] [main] [                                                 ] org.hibernate.orm.connections.pooling    : HHH10001005: Database info:
	Database JDBC URL [Connecting through datasource 'HikariDataSource (HikariPool-1)']
	Database driver: undefined/unknown
	Database version: 14.19
	Autocommit mode: undefined/unknown
	Isolation level: undefined/unknown
	Minimum pool size: undefined/unknown
	Maximum pool size: undefined/unknown
2026-01-09T12:15:36.210-06:00  INFO 16864 --- [order] [main] [                                                 ] o.h.e.t.j.p.i.JtaPlatformInitiator       : HHH000489: No JTA platform available (set 'hibernate.transaction.jta.platform' to enable JTA platform integration)
2026-01-09T12:15:36.345-06:00  INFO 16864 --- [order] [main] [                                                 ] j.LocalContainerEntityManagerFactoryBean : Initialized JPA EntityManagerFactory for persistence unit 'default'
2026-01-09T12:15:36.985-06:00  WARN 16864 --- [order] [main] [                                                 ] JpaBaseConfiguration$JpaWebConfiguration : spring.jpa.open-in-view is enabled by default. Therefore, database queries may be performed during view rendering. Explicitly configure spring.jpa.open-in-view to disable this warning
2026-01-09T12:15:38.133-06:00  INFO 16864 --- [order] [main] [                                                 ] o.s.c.s.m.DirectWithAttributesChannel    : Channel 'order.springCloudBusInput' has 1 subscriber(s).
2026-01-09T12:15:38.427-06:00  INFO 16864 --- [order] [main] [                                                 ] DiscoveryClientOptionalArgsConfiguration : Eureka HTTP Client uses RestTemplate.
2026-01-09T12:15:38.487-06:00  WARN 16864 --- [order] [main] [                                                 ] iguration$LoadBalancerCaffeineWarnLogger : Spring Cloud LoadBalancer is currently working with the default cache. While this cache implementation is useful for development and tests, it's recommended to use Caffeine cache in production.You can switch to using Caffeine cache, by adding it and org.springframework.cache.caffeine.CaffeineCacheManager to the classpath.
2026-01-09T12:15:38.508-06:00  INFO 16864 --- [order] [main] [                                                 ] o.s.b.a.e.web.EndpointLinksResolver      : Exposing 26 endpoints beneath base path '/actuator'
2026-01-09T12:15:38.633-06:00  INFO 16864 --- [order] [main] [                                                 ] o.s.i.endpoint.EventDrivenConsumer       : Adding {logging-channel-adapter:_org.springframework.integration.errorLogger} as a subscriber to the 'errorChannel' channel
2026-01-09T12:15:38.633-06:00  INFO 16864 --- [order] [main] [                                                 ] o.s.i.channel.PublishSubscribeChannel    : Channel 'order.errorChannel' has 1 subscriber(s).
2026-01-09T12:15:38.634-06:00  INFO 16864 --- [order] [main] [                                                 ] o.s.i.endpoint.EventDrivenConsumer       : started bean '_org.springframework.integration.errorLogger'
2026-01-09T12:15:38.648-06:00  INFO 16864 --- [order] [main] [                                                 ] o.s.c.n.eureka.InstanceInfoFactory       : Setting initial instance status as: STARTING
2026-01-09T12:15:38.673-06:00  INFO 16864 --- [order] [main] [                                                 ] com.netflix.discovery.DiscoveryClient    : Initializing Eureka in region us-east-1
2026-01-09T12:15:38.677-06:00  INFO 16864 --- [order] [main] [                                                 ] c.n.d.s.r.aws.ConfigClusterResolver      : Resolving eureka endpoints via configuration
2026-01-09T12:15:38.686-06:00  INFO 16864 --- [order] [main] [                                                 ] com.netflix.discovery.DiscoveryClient    : Disable delta property : false
2026-01-09T12:15:38.686-06:00  INFO 16864 --- [order] [main] [                                                 ] com.netflix.discovery.DiscoveryClient    : Single vip registry refresh property : null
2026-01-09T12:15:38.686-06:00  INFO 16864 --- [order] [main] [                                                 ] com.netflix.discovery.DiscoveryClient    : Force full registry fetch : false
2026-01-09T12:15:38.686-06:00  INFO 16864 --- [order] [main] [                                                 ] com.netflix.discovery.DiscoveryClient    : Application is null : false
2026-01-09T12:15:38.686-06:00  INFO 16864 --- [order] [main] [                                                 ] com.netflix.discovery.DiscoveryClient    : Registered Applications size is zero : true
2026-01-09T12:15:38.686-06:00  INFO 16864 --- [order] [main] [                                                 ] com.netflix.discovery.DiscoveryClient    : Application version is -1: true
2026-01-09T12:15:38.686-06:00  INFO 16864 --- [order] [main] [                                                 ] com.netflix.discovery.DiscoveryClient    : Getting all instance registry info from the eureka server
2026-01-09T12:15:38.838-06:00  INFO 16864 --- [order] [main] [                                                 ] com.netflix.discovery.DiscoveryClient    : The response status is 200
2026-01-09T12:15:38.841-06:00  INFO 16864 --- [order] [main] [                                                 ] com.netflix.discovery.DiscoveryClient    : Starting heartbeat executor: renew interval is: 30
2026-01-09T12:15:38.842-06:00  INFO 16864 --- [order] [main] [                                                 ] c.n.discovery.InstanceInfoReplicator     : InstanceInfoReplicator onDemand update allowed rate per min is 4
2026-01-09T12:15:38.843-06:00  INFO 16864 --- [order] [main] [                                                 ] com.netflix.discovery.DiscoveryClient    : Discovery Client initialized at timestamp 1767982538843 with initial instances count: 2
2026-01-09T12:15:38.848-06:00  INFO 16864 --- [order] [main] [                                                 ] o.s.c.n.e.s.EurekaServiceRegistry        : Registering application ORDER with eureka with status UP
2026-01-09T12:15:38.848-06:00  INFO 16864 --- [order] [main] [                                                 ] com.netflix.discovery.DiscoveryClient    : Saw local status change event StatusChangeEvent [timestamp=1767982538848, current=UP, previous=STARTING]
2026-01-09T12:15:38.850-06:00  INFO 16864 --- [order] [DiscoveryClient-InstanceInfoReplicator-%d] [                                                 ] com.netflix.discovery.DiscoveryClient    : DiscoveryClient_ORDER/MSI.mshome.net:order:8083: registering service...
2026-01-09T12:15:38.872-06:00  INFO 16864 --- [order] [main] [                                                 ] o.s.b.w.embedded.tomcat.TomcatWebServer  : Tomcat started on port 8083 (http) with context path '/'
2026-01-09T12:15:38.873-06:00  INFO 16864 --- [order] [main] [                                                 ] .s.c.n.e.s.EurekaAutoServiceRegistration : Updating port to 8083
2026-01-09T12:15:38.885-06:00  INFO 16864 --- [order] [main] [                                                 ] o.s.c.s.binder.DefaultBinderFactory      : Creating binder: rabbit
2026-01-09T12:15:38.885-06:00  INFO 16864 --- [order] [main] [                                                 ] o.s.c.s.binder.DefaultBinderFactory      : Constructing binder child context for rabbit
2026-01-09T12:15:38.887-06:00  INFO 16864 --- [order] [DiscoveryClient-InstanceInfoReplicator-%d] [                                                 ] com.netflix.discovery.DiscoveryClient    : DiscoveryClient_ORDER/MSI.mshome.net:order:8083 - registration status: 204
2026-01-09T12:15:38.986-06:00  INFO 16864 --- [order] [main] [                                                 ] o.s.c.s.binder.DefaultBinderFactory      : Caching the binder: rabbit
2026-01-09T12:15:39.024-06:00  INFO 16864 --- [order] [main] [                                                 ] c.s.b.r.p.RabbitExchangeQueueProvisioner : declaring queue for inbound: springCloudBus.anonymous.k84ZdiK4Sr2k1LrTp5E7mQ, bound to: springCloudBus
2026-01-09T12:15:39.030-06:00  INFO 16864 --- [order] [main] [                                                 ] o.s.a.r.c.CachingConnectionFactory       : Attempting to connect to: [localhost:5672]
2026-01-09T12:15:39.087-06:00  INFO 16864 --- [order] [main] [                                                 ] o.s.a.r.c.CachingConnectionFactory       : Created new connection: rabbitConnectionFactory#13acb4:0/SimpleConnection@76ce2e7 [delegate=amqp://guest@127.0.0.1:5672/, localPort=53176]
2026-01-09T12:15:39.146-06:00  INFO 16864 --- [order] [main] [                                                 ] o.s.c.stream.binder.BinderErrorChannel   : Channel 'rabbit-964151268.springCloudBusInput.errors' has 1 subscriber(s).
2026-01-09T12:15:39.147-06:00  INFO 16864 --- [order] [main] [                                                 ] o.s.c.stream.binder.BinderErrorChannel   : Channel 'rabbit-964151268.springCloudBusInput.errors' has 2 subscriber(s).
2026-01-09T12:15:39.170-06:00  INFO 16864 --- [order] [main] [                                                 ] o.s.i.a.i.AmqpInboundChannelAdapter      : started bean 'inbound.springCloudBus.anonymous.k84ZdiK4Sr2k1LrTp5E7mQ'
2026-01-09T12:15:39.226-06:00  INFO 16864 --- [order] [main] [                                                 ] com.indi.order.OrderApplication          : Started OrderApplication in 9.776 seconds (process running for 11.088)
2026-01-09T12:15:47.196-06:00  INFO 16864 --- [order] [http-nio-8083-exec-3] [                                                 ] o.a.c.c.C.[Tomcat].[localhost].[/]       : Initializing Spring DispatcherServlet 'dispatcherServlet'
2026-01-09T12:15:47.196-06:00  INFO 16864 --- [order] [http-nio-8083-exec-3] [                                                 ] o.s.web.servlet.DispatcherServlet        : Initializing Servlet 'dispatcherServlet'
2026-01-09T12:15:47.200-06:00  INFO 16864 --- [order] [http-nio-8083-exec-3] [                                                 ] o.s.web.servlet.DispatcherServlet        : Completed initialization in 3 ms
2026-01-09T12:20:38.692-06:00  INFO 16864 --- [order] [AsyncResolver-bootstrap-executor-%d] [                                                 ] c.n.d.s.r.aws.ConfigClusterResolver      : Resolving eureka endpoints via configuration
2026-01-09T12:25:38.695-06:00  INFO 16864 --- [order] [AsyncResolver-bootstrap-executor-%d] [                                                 ] c.n.d.s.r.aws.ConfigClusterResolver      : Resolving eureka endpoints via configuration
2026-01-09T12:30:38.711-06:00  INFO 16864 --- [order] [AsyncResolver-bootstrap-executor-%d] [                                                 ] c.n.d.s.r.aws.ConfigClusterResolver      : Resolving eureka endpoints via configuration
2026-01-09T12:35:38.715-06:00  INFO 16864 --- [order] [AsyncResolver-bootstrap-executor-%d] [                                                 ] c.n.d.s.r.aws.ConfigClusterResolver      : Resolving eureka endpoints via configuration
2026-01-09T12:40:38.720-06:00  INFO 16864 --- [order] [AsyncResolver-bootstrap-executor-%d] [                                                 ] c.n.d.s.r.aws.ConfigClusterResolver      : Resolving eureka endpoints via configuration
2026-01-09T12:41:33.413-06:00  INFO 16864 --- [order] [springCloudBus.anonymous.k84ZdiK4Sr2k1LrTp5E7mQ-1] [                                                 ] o.s.a.r.l.SimpleMessageListenerContainer : Restarting Consumer@7bb93e18: tags=[[amq.ctag-wzG0Bx_iFjryC83YRya2Ig]], channel=Cached Rabbit Channel: AMQChannel(amqp://guest@127.0.0.1:5672/,1), conn: Proxy@27d0703e Shared Rabbit Connection: SimpleConnection@76ce2e7 [delegate=amqp://guest@127.0.0.1:5672/, localPort=53176], acknowledgeMode=AUTO local queue size=0
2026-01-09T12:41:33.418-06:00  INFO 16864 --- [order] [springCloudBus.anonymous.k84ZdiK4Sr2k1LrTp5E7mQ-2] [                                                 ] o.s.a.r.c.CachingConnectionFactory       : Attempting to connect to: [localhost:5672]
2026-01-09T12:41:38.491-06:00  INFO 16864 --- [order] [springCloudBus.anonymous.k84ZdiK4Sr2k1LrTp5E7mQ-2] [                                                 ] o.s.a.r.l.SimpleMessageListenerContainer : Restarting Consumer@62420f07: tags=[[]], channel=null, acknowledgeMode=AUTO local queue size=0
2026-01-09T12:41:38.493-06:00  INFO 16864 --- [order] [springCloudBus.anonymous.k84ZdiK4Sr2k1LrTp5E7mQ-3] [                                                 ] o.s.a.r.c.CachingConnectionFactory       : Attempting to connect to: [localhost:5672]
2026-01-09T12:41:43.608-06:00  WARN 16864 --- [order] [springCloudBus.anonymous.k84ZdiK4Sr2k1LrTp5E7mQ-3] [                                                 ] o.s.a.r.l.SimpleMessageListenerContainer : Consumer raised exception, processing can restart if the connection factory supports it. Exception summary: org.springframework.amqp.AmqpConnectException: java.net.ConnectException: Connection refused: getsockopt
2026-01-09T12:41:43.609-06:00  INFO 16864 --- [order] [springCloudBus.anonymous.k84ZdiK4Sr2k1LrTp5E7mQ-3] [                                                 ] o.s.a.r.l.SimpleMessageListenerContainer : Restarting Consumer@279fcdc: tags=[[]], channel=null, acknowledgeMode=AUTO local queue size=0
2026-01-09T12:41:43.611-06:00  INFO 16864 --- [order] [springCloudBus.anonymous.k84ZdiK4Sr2k1LrTp5E7mQ-4] [                                                 ] o.s.a.r.c.CachingConnectionFactory       : Attempting to connect to: [localhost:5672]
2026-01-09T12:41:48.684-06:00  INFO 16864 --- [order] [springCloudBus.anonymous.k84ZdiK4Sr2k1LrTp5E7mQ-4] [                                                 ] o.s.a.r.l.SimpleMessageListenerContainer : Restarting Consumer@64370a04: tags=[[]], channel=null, acknowledgeMode=AUTO local queue size=0
2026-01-09T12:41:48.688-06:00  INFO 16864 --- [order] [springCloudBus.anonymous.k84ZdiK4Sr2k1LrTp5E7mQ-5] [                                                 ] o.s.a.r.c.CachingConnectionFactory       : Attempting to connect to: [localhost:5672]
2026-01-09T12:41:53.761-06:00  INFO 16864 --- [order] [springCloudBus.anonymous.k84ZdiK4Sr2k1LrTp5E7mQ-5] [                                                 ] o.s.a.r.l.SimpleMessageListenerContainer : Restarting Consumer@16cca66a: tags=[[]], channel=null, acknowledgeMode=AUTO local queue size=0
2026-01-09T12:41:53.763-06:00  INFO 16864 --- [order] [springCloudBus.anonymous.k84ZdiK4Sr2k1LrTp5E7mQ-6] [                                                 ] o.s.a.r.c.CachingConnectionFactory       : Attempting to connect to: [localhost:5672]
2026-01-09T12:41:53.769-06:00  INFO 16864 --- [order] [springCloudBus.anonymous.k84ZdiK4Sr2k1LrTp5E7mQ-6] [                                                 ] o.s.a.r.c.CachingConnectionFactory       : Created new connection: rabbitConnectionFactory#13acb4:5/SimpleConnection@44b7c1ac [delegate=amqp://guest@127.0.0.1:5672/, localPort=58296]
2026-01-09T12:41:53.772-06:00  INFO 16864 --- [order] [springCloudBus.anonymous.k84ZdiK4Sr2k1LrTp5E7mQ-6] [                                                 ] o.s.amqp.rabbit.core.RabbitAdmin         : Auto-declaring a non-durable, auto-delete, or exclusive Queue (springCloudBus.anonymous.k84ZdiK4Sr2k1LrTp5E7mQ) durable:false, auto-delete:true, exclusive:true. It will be redeclared if the broker stops and is restarted while the connection factory is alive, but all messages will be lost.
2026-01-09T12:44:49.587-06:00  INFO 16864 --- [order] [springCloudBus.anonymous.k84ZdiK4Sr2k1LrTp5E7mQ-6] [                                                 ] o.s.a.r.l.SimpleMessageListenerContainer : Restarting Consumer@31421e49: tags=[[amq.ctag-Iqth2mh9DUyr5oW7vpyGRg]], channel=Cached Rabbit Channel: AMQChannel(amqp://guest@127.0.0.1:5672/,1), conn: Proxy@27d0703e Shared Rabbit Connection: SimpleConnection@44b7c1ac [delegate=amqp://guest@127.0.0.1:5672/, localPort=58296], acknowledgeMode=AUTO local queue size=0
2026-01-09T12:44:49.588-06:00  INFO 16864 --- [order] [springCloudBus.anonymous.k84ZdiK4Sr2k1LrTp5E7mQ-7] [                                                 ] o.s.a.r.c.CachingConnectionFactory       : Attempting to connect to: [localhost:5672]
2026-01-09T12:44:54.676-06:00  INFO 16864 --- [order] [springCloudBus.anonymous.k84ZdiK4Sr2k1LrTp5E7mQ-7] [                                                 ] o.s.a.r.l.SimpleMessageListenerContainer : Restarting Consumer@5909e04e: tags=[[]], channel=null, acknowledgeMode=AUTO local queue size=0
2026-01-09T12:44:54.678-06:00  INFO 16864 --- [order] [springCloudBus.anonymous.k84ZdiK4Sr2k1LrTp5E7mQ-8] [                                                 ] o.s.a.r.c.CachingConnectionFactory       : Attempting to connect to: [localhost:5672]
2026-01-09T12:44:59.775-06:00  WARN 16864 --- [order] [springCloudBus.anonymous.k84ZdiK4Sr2k1LrTp5E7mQ-8] [                                                 ] o.s.a.r.l.SimpleMessageListenerContainer : Consumer raised exception, processing can restart if the connection factory supports it. Exception summary: org.springframework.amqp.AmqpConnectException: java.net.ConnectException: Connection refused: getsockopt
2026-01-09T12:44:59.776-06:00  INFO 16864 --- [order] [springCloudBus.anonymous.k84ZdiK4Sr2k1LrTp5E7mQ-8] [                                                 ] o.s.a.r.l.SimpleMessageListenerContainer : Restarting Consumer@7dd838c9: tags=[[]], channel=null, acknowledgeMode=AUTO local queue size=0
2026-01-09T12:44:59.780-06:00  INFO 16864 --- [order] [springCloudBus.anonymous.k84ZdiK4Sr2k1LrTp5E7mQ-9] [                                                 ] o.s.a.r.c.CachingConnectionFactory       : Attempting to connect to: [localhost:5672]
2026-01-09T12:45:04.884-06:00  WARN 16864 --- [order] [springCloudBus.anonymous.k84ZdiK4Sr2k1LrTp5E7mQ-9] [                                                 ] o.s.a.r.l.SimpleMessageListenerContainer : Consumer raised exception, processing can restart if the connection factory supports it. Exception summary: org.springframework.amqp.AmqpConnectException: java.net.ConnectException: Connection refused: getsockopt
2026-01-09T12:45:04.885-06:00  INFO 16864 --- [order] [springCloudBus.anonymous.k84ZdiK4Sr2k1LrTp5E7mQ-9] [                                                 ] o.s.a.r.l.SimpleMessageListenerContainer : Restarting Consumer@132d3641: tags=[[]], channel=null, acknowledgeMode=AUTO local queue size=0
2026-01-09T12:45:04.887-06:00  INFO 16864 --- [order] [springCloudBus.anonymous.k84ZdiK4Sr2k1LrTp5E7mQ-10] [                                                 ] o.s.a.r.c.CachingConnectionFactory       : Attempting to connect to: [localhost:5672]
2026-01-09T12:45:09.952-06:00  WARN 16864 --- [order] [springCloudBus.anonymous.k84ZdiK4Sr2k1LrTp5E7mQ-10] [                                                 ] o.s.a.r.l.SimpleMessageListenerContainer : Consumer raised exception, processing can restart if the connection factory supports it. Exception summary: org.springframework.amqp.AmqpConnectException: java.net.ConnectException: Connection refused: getsockopt
2026-01-09T12:45:09.952-06:00  INFO 16864 --- [order] [springCloudBus.anonymous.k84ZdiK4Sr2k1LrTp5E7mQ-10] [                                                 ] o.s.a.r.l.SimpleMessageListenerContainer : Restarting Consumer@83f4ce3: tags=[[]], channel=null, acknowledgeMode=AUTO local queue size=0
2026-01-09T12:45:09.954-06:00  INFO 16864 --- [order] [springCloudBus.anonymous.k84ZdiK4Sr2k1LrTp5E7mQ-11] [                                                 ] o.s.a.r.c.CachingConnectionFactory       : Attempting to connect to: [localhost:5672]
2026-01-09T12:45:11.072-06:00  WARN 16864 --- [order] [AsyncReporter{ZipkinWebClientSender{http://localhost:9411/api/v2/spans}}] [                                                 ] z.r.i.AsyncReporter$BoundedAsyncReporter : Spans were dropped due to exceptions. All subsequent errors will be logged at FINE level.
2026-01-09T12:45:11.073-06:00  WARN 16864 --- [order] [AsyncReporter{ZipkinWebClientSender{http://localhost:9411/api/v2/spans}}] [                                                 ] z.r.i.AsyncReporter$BoundedAsyncReporter : Dropped 2 spans due to WebClientRequestException(Connection refused: getsockopt: localhost/127.0.0.1:9411)

org.springframework.web.reactive.function.client.WebClientRequestException: Connection refused: getsockopt: localhost/127.0.0.1:9411
	at org.springframework.web.reactive.function.client.ExchangeFunctions$DefaultExchangeFunction.lambda$wrapException$9(ExchangeFunctions.java:137) ~[spring-webflux-6.2.3.jar:6.2.3]
	Suppressed: reactor.core.publisher.FluxOnAssembly$OnAssemblyException: 
Error has been observed at the following site(s):
	*__checkpoint ⇢ Request to POST http://localhost:9411/api/v2/spans [DefaultWebClient]
Original Stack Trace:
		at org.springframework.web.reactive.function.client.ExchangeFunctions$DefaultExchangeFunction.lambda$wrapException$9(ExchangeFunctions.java:137) ~[spring-webflux-6.2.3.jar:6.2.3]
		at reactor.core.publisher.MonoErrorSupplied.subscribe(MonoErrorSupplied.java:55) ~[reactor-core-3.7.3.jar:3.7.3]
		at reactor.core.publisher.Mono.subscribe(Mono.java:4576) ~[reactor-core-3.7.3.jar:3.7.3]
		at reactor.core.publisher.FluxOnErrorResume$ResumeSubscriber.onError(FluxOnErrorResume.java:103) ~[reactor-core-3.7.3.jar:3.7.3]
		at reactor.core.publisher.FluxPeek$PeekSubscriber.onError(FluxPeek.java:222) ~[reactor-core-3.7.3.jar:3.7.3]
		at reactor.core.publisher.FluxPeek$PeekSubscriber.onError(FluxPeek.java:222) ~[reactor-core-3.7.3.jar:3.7.3]
		at reactor.core.publisher.FluxPeek$PeekSubscriber.onError(FluxPeek.java:222) ~[reactor-core-3.7.3.jar:3.7.3]
		at reactor.core.publisher.MonoNext$NextSubscriber.onError(MonoNext.java:93) ~[reactor-core-3.7.3.jar:3.7.3]
		at reactor.core.publisher.MonoFlatMapMany$FlatMapManyMain.onError(MonoFlatMapMany.java:205) ~[reactor-core-3.7.3.jar:3.7.3]
		at reactor.core.publisher.SerializedSubscriber.onError(SerializedSubscriber.java:124) ~[reactor-core-3.7.3.jar:3.7.3]
		at reactor.core.publisher.FluxRetryWhen$RetryWhenMainSubscriber.whenError(FluxRetryWhen.java:229) ~[reactor-core-3.7.3.jar:3.7.3]
		at reactor.core.publisher.FluxRetryWhen$RetryWhenOtherSubscriber.onError(FluxRetryWhen.java:279) ~[reactor-core-3.7.3.jar:3.7.3]
		at reactor.core.publisher.FluxContextWrite$ContextWriteSubscriber.onError(FluxContextWrite.java:121) ~[reactor-core-3.7.3.jar:3.7.3]
		at reactor.core.publisher.FluxConcatMapNoPrefetch$FluxConcatMapNoPrefetchSubscriber.maybeOnError(FluxConcatMapNoPrefetch.java:327) ~[reactor-core-3.7.3.jar:3.7.3]
		at reactor.core.publisher.FluxConcatMapNoPrefetch$FluxConcatMapNoPrefetchSubscriber.onNext(FluxConcatMapNoPrefetch.java:212) ~[reactor-core-3.7.3.jar:3.7.3]
		at reactor.core.publisher.FluxContextWrite$ContextWriteSubscriber.onNext(FluxContextWrite.java:107) ~[reactor-core-3.7.3.jar:3.7.3]
		at reactor.core.publisher.SinkManyEmitterProcessor.drain(SinkManyEmitterProcessor.java:476) ~[reactor-core-3.7.3.jar:3.7.3]
		at reactor.core.publisher.SinkManyEmitterProcessor$EmitterInner.drainParent(SinkManyEmitterProcessor.java:620) ~[reactor-core-3.7.3.jar:3.7.3]
		at reactor.core.publisher.FluxPublish$PubSubInner.request(FluxPublish.java:874) ~[reactor-core-3.7.3.jar:3.7.3]
		at reactor.core.publisher.FluxContextWrite$ContextWriteSubscriber.request(FluxContextWrite.java:136) ~[reactor-core-3.7.3.jar:3.7.3]
		at reactor.core.publisher.FluxConcatMapNoPrefetch$FluxConcatMapNoPrefetchSubscriber.request(FluxConcatMapNoPrefetch.java:337) ~[reactor-core-3.7.3.jar:3.7.3]
		at reactor.core.publisher.FluxContextWrite$ContextWriteSubscriber.request(FluxContextWrite.java:136) ~[reactor-core-3.7.3.jar:3.7.3]
		at reactor.core.publisher.Operators$DeferredSubscription.request(Operators.java:1743) ~[reactor-core-3.7.3.jar:3.7.3]
		at reactor.core.publisher.FluxRetryWhen$RetryWhenMainSubscriber.onError(FluxRetryWhen.java:196) ~[reactor-core-3.7.3.jar:3.7.3]
		at reactor.core.publisher.MonoCreate$DefaultMonoSink.error(MonoCreate.java:205) ~[reactor-core-3.7.3.jar:3.7.3]
		at reactor.netty.http.client.HttpClientConnect$MonoHttpConnect$ClientTransportSubscriber.onError(HttpClientConnect.java:318) ~[reactor-netty-http-1.2.3.jar:1.2.3]
		at reactor.core.publisher.MonoCreate$DefaultMonoSink.error(MonoCreate.java:205) ~[reactor-core-3.7.3.jar:3.7.3]
		at reactor.netty.resources.DefaultPooledConnectionProvider$DisposableAcquire.onError(DefaultPooledConnectionProvider.java:174) ~[reactor-netty-core-1.2.3.jar:1.2.3]
		at reactor.netty.internal.shaded.reactor.pool.AbstractPool$Borrower.fail(AbstractPool.java:479) ~[reactor-netty-core-1.2.3.jar:1.2.3]
		at reactor.netty.internal.shaded.reactor.pool.SimpleDequePool.lambda$drainLoop$9(SimpleDequePool.java:443) ~[reactor-netty-core-1.2.3.jar:1.2.3]
		at reactor.core.publisher.FluxDoOnEach$DoOnEachSubscriber.onError(FluxDoOnEach.java:186) ~[reactor-core-3.7.3.jar:3.7.3]
		at reactor.core.publisher.MonoCreate$DefaultMonoSink.error(MonoCreate.java:205) ~[reactor-core-3.7.3.jar:3.7.3]
		at reactor.netty.resources.DefaultPooledConnectionProvider$PooledConnectionAllocator$PooledConnectionInitializer.onError(DefaultPooledConnectionProvider.java:593) ~[reactor-netty-core-1.2.3.jar:1.2.3]
		at reactor.core.publisher.MonoFlatMap$FlatMapMain.secondError(MonoFlatMap.java:241) ~[reactor-core-3.7.3.jar:3.7.3]
		at reactor.core.publisher.MonoFlatMap$FlatMapInner.onError(MonoFlatMap.java:315) ~[reactor-core-3.7.3.jar:3.7.3]
		at reactor.core.publisher.FluxOnErrorResume$ResumeSubscriber.onError(FluxOnErrorResume.java:106) ~[reactor-core-3.7.3.jar:3.7.3]
		at reactor.core.publisher.Operators.error(Operators.java:198) ~[reactor-core-3.7.3.jar:3.7.3]
		at reactor.core.publisher.MonoError.subscribe(MonoError.java:53) ~[reactor-core-3.7.3.jar:3.7.3]
		at reactor.core.publisher.Mono.subscribe(Mono.java:4576) ~[reactor-core-3.7.3.jar:3.7.3]
		at reactor.core.publisher.FluxOnErrorResume$ResumeSubscriber.onError(FluxOnErrorResume.java:103) ~[reactor-core-3.7.3.jar:3.7.3]
		at reactor.netty.transport.TransportConnector$MonoChannelPromise.tryFailure(TransportConnector.java:576) ~[reactor-netty-core-1.2.3.jar:1.2.3]
		at reactor.netty.transport.TransportConnector$MonoChannelPromise.setFailure(TransportConnector.java:522) ~[reactor-netty-core-1.2.3.jar:1.2.3]
		at reactor.netty.transport.TransportConnector.lambda$doConnect$7(TransportConnector.java:261) ~[reactor-netty-core-1.2.3.jar:1.2.3]
		at io.netty.util.concurrent.DefaultPromise.notifyListener0(DefaultPromise.java:590) ~[netty-common-4.1.118.Final.jar:4.1.118.Final]
		at io.netty.util.concurrent.DefaultPromise.notifyListeners0(DefaultPromise.java:583) ~[netty-common-4.1.118.Final.jar:4.1.118.Final]
		at io.netty.util.concurrent.DefaultPromise.notifyListenersNow(DefaultPromise.java:559) ~[netty-common-4.1.118.Final.jar:4.1.118.Final]
		at io.netty.util.concurrent.DefaultPromise.notifyListeners(DefaultPromise.java:492) ~[netty-common-4.1.118.Final.jar:4.1.118.Final]
		at io.netty.util.concurrent.DefaultPromise.setValue0(DefaultPromise.java:636) ~[netty-common-4.1.118.Final.jar:4.1.118.Final]
		at io.netty.util.concurrent.DefaultPromise.setFailure0(DefaultPromise.java:629) ~[netty-common-4.1.118.Final.jar:4.1.118.Final]
		at io.netty.util.concurrent.DefaultPromise.tryFailure(DefaultPromise.java:118) ~[netty-common-4.1.118.Final.jar:4.1.118.Final]
		at io.netty.channel.nio.AbstractNioChannel$AbstractNioUnsafe.fulfillConnectPromise(AbstractNioChannel.java:326) ~[netty-transport-4.1.118.Final.jar:4.1.118.Final]
		at io.netty.channel.nio.AbstractNioChannel$AbstractNioUnsafe.finishConnect(AbstractNioChannel.java:342) ~[netty-transport-4.1.118.Final.jar:4.1.118.Final]
		at io.netty.channel.nio.NioEventLoop.processSelectedKey(NioEventLoop.java:784) ~[netty-transport-4.1.118.Final.jar:4.1.118.Final]
		at io.netty.channel.nio.NioEventLoop.processSelectedKeysOptimized(NioEventLoop.java:732) ~[netty-transport-4.1.118.Final.jar:4.1.118.Final]
		at io.netty.channel.nio.NioEventLoop.processSelectedKeys(NioEventLoop.java:658) ~[netty-transport-4.1.118.Final.jar:4.1.118.Final]
		at io.netty.channel.nio.NioEventLoop.run(NioEventLoop.java:562) ~[netty-transport-4.1.118.Final.jar:4.1.118.Final]
		at io.netty.util.concurrent.SingleThreadEventExecutor$4.run(SingleThreadEventExecutor.java:998) ~[netty-common-4.1.118.Final.jar:4.1.118.Final]
		at io.netty.util.internal.ThreadExecutorMap$2.run(ThreadExecutorMap.java:74) ~[netty-common-4.1.118.Final.jar:4.1.118.Final]
		at io.netty.util.concurrent.FastThreadLocalRunnable.run(FastThreadLocalRunnable.java:30) ~[netty-common-4.1.118.Final.jar:4.1.118.Final]
		at java.base/java.lang.Thread.run(Thread.java:1583) ~[na:na]
	Suppressed: java.lang.Exception: #block terminated with an error
		at reactor.core.publisher.BlockingSingleSubscriber.blockingGet(BlockingSingleSubscriber.java:104) ~[reactor-core-3.7.3.jar:3.7.3]
		at reactor.core.publisher.Mono.block(Mono.java:1779) ~[reactor-core-3.7.3.jar:3.7.3]
		at org.springframework.boot.actuate.autoconfigure.tracing.zipkin.ZipkinWebClientSender.postSpans(ZipkinWebClientSender.java:58) ~[spring-boot-actuator-autoconfigure-3.4.3.jar:3.4.3]
		at org.springframework.boot.actuate.autoconfigure.tracing.zipkin.HttpSender.postSpans(HttpSender.java:69) ~[spring-boot-actuator-autoconfigure-3.4.3.jar:3.4.3]
		at org.springframework.boot.actuate.autoconfigure.tracing.zipkin.HttpSender.postSpans(HttpSender.java:41) ~[spring-boot-actuator-autoconfigure-3.4.3.jar:3.4.3]
		at zipkin2.reporter.BaseHttpSender.send(BaseHttpSender.java:123) ~[zipkin-reporter-3.4.3.jar:na]
		at zipkin2.reporter.internal.AsyncReporter$BoundedAsyncReporter.flush(AsyncReporter.java:266) ~[zipkin-reporter-3.4.3.jar:na]
		at zipkin2.reporter.internal.AsyncReporter$Flusher.run(AsyncReporter.java:352) ~[zipkin-reporter-3.4.3.jar:na]
		at java.base/java.lang.Thread.run(Thread.java:1583) ~[na:na]
Caused by: io.netty.channel.AbstractChannel$AnnotatedConnectException: Connection refused: getsockopt: localhost/127.0.0.1:9411
Caused by: java.net.ConnectException: Connection refused: getsockopt
	at java.base/sun.nio.ch.Net.pollConnect(Native Method) ~[na:na]
	at java.base/sun.nio.ch.Net.pollConnectNow(Net.java:682) ~[na:na]
	at java.base/sun.nio.ch.SocketChannelImpl.finishConnect(SocketChannelImpl.java:973) ~[na:na]
	at io.netty.channel.socket.nio.NioSocketChannel.doFinishConnect(NioSocketChannel.java:336) ~[netty-transport-4.1.118.Final.jar:4.1.118.Final]
	at io.netty.channel.nio.AbstractNioChannel$AbstractNioUnsafe.finishConnect(AbstractNioChannel.java:339) ~[netty-transport-4.1.118.Final.jar:4.1.118.Final]
	at io.netty.channel.nio.NioEventLoop.processSelectedKey(NioEventLoop.java:784) ~[netty-transport-4.1.118.Final.jar:4.1.118.Final]
	at io.netty.channel.nio.NioEventLoop.processSelectedKeysOptimized(NioEventLoop.java:732) ~[netty-transport-4.1.118.Final.jar:4.1.118.Final]
	at io.netty.channel.nio.NioEventLoop.processSelectedKeys(NioEventLoop.java:658) ~[netty-transport-4.1.118.Final.jar:4.1.118.Final]
	at io.netty.channel.nio.NioEventLoop.run(NioEventLoop.java:562) ~[netty-transport-4.1.118.Final.jar:4.1.118.Final]
	at io.netty.util.concurrent.SingleThreadEventExecutor$4.run(SingleThreadEventExecutor.java:998) ~[netty-common-4.1.118.Final.jar:4.1.118.Final]
	at io.netty.util.internal.ThreadExecutorMap$2.run(ThreadExecutorMap.java:74) ~[netty-common-4.1.118.Final.jar:4.1.118.Final]
	at io.netty.util.concurrent.FastThreadLocalRunnable.run(FastThreadLocalRunnable.java:30) ~[netty-common-4.1.118.Final.jar:4.1.118.Final]
	at java.base/java.lang.Thread.run(Thread.java:1583) ~[na:na]

2026-01-09T12:45:15.102-06:00  WARN 16864 --- [order] [springCloudBus.anonymous.k84ZdiK4Sr2k1LrTp5E7mQ-11] [                                                 ] o.s.a.r.l.SimpleMessageListenerContainer : Consumer raised exception, processing can restart if the connection factory supports it. Exception summary: org.springframework.amqp.AmqpConnectException: java.net.ConnectException: Connection refused: getsockopt
2026-01-09T12:45:15.103-06:00  INFO 16864 --- [order] [springCloudBus.anonymous.k84ZdiK4Sr2k1LrTp5E7mQ-11] [                                                 ] o.s.a.r.l.SimpleMessageListenerContainer : Restarting Consumer@7fad4728: tags=[[]], channel=null, acknowledgeMode=AUTO local queue size=0
2026-01-09T12:45:15.105-06:00  INFO 16864 --- [order] [springCloudBus.anonymous.k84ZdiK4Sr2k1LrTp5E7mQ-12] [                                                 ] o.s.a.r.c.CachingConnectionFactory       : Attempting to connect to: [localhost:5672]
2026-01-09T12:45:20.202-06:00  WARN 16864 --- [order] [springCloudBus.anonymous.k84ZdiK4Sr2k1LrTp5E7mQ-12] [                                                 ] o.s.a.r.l.SimpleMessageListenerContainer : Consumer raised exception, processing can restart if the connection factory supports it. Exception summary: org.springframework.amqp.AmqpConnectException: java.net.ConnectException: Connection refused: getsockopt
2026-01-09T12:45:20.202-06:00  INFO 16864 --- [order] [springCloudBus.anonymous.k84ZdiK4Sr2k1LrTp5E7mQ-12] [                                                 ] o.s.a.r.l.SimpleMessageListenerContainer : Restarting Consumer@45cde168: tags=[[]], channel=null, acknowledgeMode=AUTO local queue size=0
2026-01-09T12:45:20.203-06:00  INFO 16864 --- [order] [springCloudBus.anonymous.k84ZdiK4Sr2k1LrTp5E7mQ-13] [                                                 ] o.s.a.r.c.CachingConnectionFactory       : Attempting to connect to: [localhost:5672]
2026-01-09T12:45:25.327-06:00  WARN 16864 --- [order] [springCloudBus.anonymous.k84ZdiK4Sr2k1LrTp5E7mQ-13] [                                                 ] o.s.a.r.l.SimpleMessageListenerContainer : Consumer raised exception, processing can restart if the connection factory supports it. Exception summary: org.springframework.amqp.AmqpConnectException: java.net.ConnectException: Connection refused: getsockopt
2026-01-09T12:45:25.327-06:00  INFO 16864 --- [order] [springCloudBus.anonymous.k84ZdiK4Sr2k1LrTp5E7mQ-13] [                                                 ] o.s.a.r.l.SimpleMessageListenerContainer : Restarting Consumer@17ea5c8d: tags=[[]], channel=null, acknowledgeMode=AUTO local queue size=0
2026-01-09T12:45:25.330-06:00  INFO 16864 --- [order] [springCloudBus.anonymous.k84ZdiK4Sr2k1LrTp5E7mQ-14] [                                                 ] o.s.a.r.c.CachingConnectionFactory       : Attempting to connect to: [localhost:5672]
2026-01-09T12:45:30.431-06:00  INFO 16864 --- [order] [springCloudBus.anonymous.k84ZdiK4Sr2k1LrTp5E7mQ-14] [                                                 ] o.s.a.r.l.SimpleMessageListenerContainer : Restarting Consumer@6c3ccf83: tags=[[]], channel=null, acknowledgeMode=AUTO local queue size=0
2026-01-09T12:45:30.433-06:00  INFO 16864 --- [order] [springCloudBus.anonymous.k84ZdiK4Sr2k1LrTp5E7mQ-15] [                                                 ] o.s.a.r.c.CachingConnectionFactory       : Attempting to connect to: [localhost:5672]
2026-01-09T12:45:35.518-06:00  INFO 16864 --- [order] [springCloudBus.anonymous.k84ZdiK4Sr2k1LrTp5E7mQ-15] [                                                 ] o.s.a.r.l.SimpleMessageListenerContainer : Restarting Consumer@143278b1: tags=[[]], channel=null, acknowledgeMode=AUTO local queue size=0
2026-01-09T12:45:35.521-06:00  INFO 16864 --- [order] [springCloudBus.anonymous.k84ZdiK4Sr2k1LrTp5E7mQ-16] [                                                 ] o.s.a.r.c.CachingConnectionFactory       : Attempting to connect to: [localhost:5672]
2026-01-09T12:45:35.529-06:00  INFO 16864 --- [order] [springCloudBus.anonymous.k84ZdiK4Sr2k1LrTp5E7mQ-16] [                                                 ] o.s.a.r.c.CachingConnectionFactory       : Created new connection: rabbitConnectionFactory#13acb4:15/SimpleConnection@566815d6 [delegate=amqp://guest@127.0.0.1:5672/, localPort=61144]
2026-01-09T12:45:35.530-06:00  INFO 16864 --- [order] [springCloudBus.anonymous.k84ZdiK4Sr2k1LrTp5E7mQ-16] [                                                 ] o.s.amqp.rabbit.core.RabbitAdmin         : Auto-declaring a non-durable, auto-delete, or exclusive Queue (springCloudBus.anonymous.k84ZdiK4Sr2k1LrTp5E7mQ) durable:false, auto-delete:true, exclusive:true. It will be redeclared if the broker stops and is restarted while the connection factory is alive, but all messages will be lost.
2026-01-09T12:45:38.722-06:00  INFO 16864 --- [order] [AsyncResolver-bootstrap-executor-%d] [                                                 ] c.n.d.s.r.aws.ConfigClusterResolver      : Resolving eureka endpoints via configuration
2026-01-09T12:50:38.732-06:00  INFO 16864 --- [order] [AsyncResolver-bootstrap-executor-%d] [                                                 ] c.n.d.s.r.aws.ConfigClusterResolver      : Resolving eureka endpoints via configuration
2026-01-09T12:55:38.747-06:00  INFO 16864 --- [order] [AsyncResolver-bootstrap-executor-%d] [                                                 ] c.n.d.s.r.aws.ConfigClusterResolver      : Resolving eureka endpoints via configuration
2026-01-09T13:00:38.748-06:00  INFO 16864 --- [order] [AsyncResolver-bootstrap-executor-%d] [                                                 ] c.n.d.s.r.aws.ConfigClusterResolver      : Resolving eureka endpoints via configuration
2026-01-09T13:05:38.751-06:00  INFO 16864 --- [order] [AsyncResolver-bootstrap-executor-%d] [                                                 ] c.n.d.s.r.aws.ConfigClusterResolver      : Resolving eureka endpoints via configuration
2026-01-09T13:10:03.019-06:00  INFO 16864 --- [order] [SpringApplicationShutdownHook] [                                                 ] o.s.c.n.e.s.EurekaServiceRegistry        : Unregistering application ORDER with eureka with status DOWN
2026-01-09T13:10:03.020-06:00  INFO 16864 --- [order] [SpringApplicationShutdownHook] [                                                 ] com.netflix.discovery.DiscoveryClient    : Saw local status change event StatusChangeEvent [timestamp=1767985803020, current=DOWN, previous=UP]
2026-01-09T13:10:03.020-06:00  INFO 16864 --- [order] [DiscoveryClient-InstanceInfoReplicator-%d] [                                                 ] com.netflix.discovery.DiscoveryClient    : DiscoveryClient_ORDER/MSI.mshome.net:order:8083: registering service...
2026-01-09T13:10:03.033-06:00  INFO 16864 --- [order] [DiscoveryClient-InstanceInfoReplicator-%d] [                                                 ] c.n.d.s.t.d.RedirectingEurekaHttpClient  : Request execution error. endpoint=DefaultEndpoint{ serviceUrl='http://localhost:8761/eureka/} exception=I/O error on POST request for "http://localhost:8761/eureka/apps/ORDER": Connect to http://localhost:8761 [localhost/127.0.0.1, localhost/0:0:0:0:0:0:0:1] failed: Connection refused: getsockopt stacktrace=org.springframework.web.client.ResourceAccessException: I/O error on POST request for "http://localhost:8761/eureka/apps/ORDER": Connect to http://localhost:8761 [localhost/127.0.0.1, localhost/0:0:0:0:0:0:0:1] failed: Connection refused: getsockopt
	at org.springframework.web.client.RestTemplate.createResourceAccessException(RestTemplate.java:925)
	at org.springframework.web.client.RestTemplate.doExecute(RestTemplate.java:905)
	at org.springframework.web.client.RestTemplate.execute(RestTemplate.java:840)
	at org.springframework.web.client.RestTemplate.exchange(RestTemplate.java:701)
	at org.springframework.cloud.netflix.eureka.http.RestTemplateEurekaHttpClient.register(RestTemplateEurekaHttpClient.java:87)
	at com.netflix.discovery.shared.transport.decorator.EurekaHttpClientDecorator$1.execute(EurekaHttpClientDecorator.java:59)
	at com.netflix.discovery.shared.transport.decorator.RedirectingEurekaHttpClient.execute(RedirectingEurekaHttpClient.java:91)
	at com.netflix.discovery.shared.transport.decorator.EurekaHttpClientDecorator.register(EurekaHttpClientDecorator.java:56)
	at com.netflix.discovery.shared.transport.decorator.EurekaHttpClientDecorator$1.execute(EurekaHttpClientDecorator.java:59)
	at com.netflix.discovery.shared.transport.decorator.RetryableEurekaHttpClient.execute(RetryableEurekaHttpClient.java:120)
	at com.netflix.discovery.shared.transport.decorator.EurekaHttpClientDecorator.register(EurekaHttpClientDecorator.java:56)
	at com.netflix.discovery.shared.transport.decorator.EurekaHttpClientDecorator$1.execute(EurekaHttpClientDecorator.java:59)
	at com.netflix.discovery.shared.transport.decorator.SessionedEurekaHttpClient.execute(SessionedEurekaHttpClient.java:76)
	at com.netflix.discovery.shared.transport.decorator.EurekaHttpClientDecorator.register(EurekaHttpClientDecorator.java:56)
	at com.netflix.discovery.DiscoveryClient.register(DiscoveryClient.java:828)
	at com.netflix.discovery.InstanceInfoReplicator.run(InstanceInfoReplicator.java:125)
	at com.netflix.discovery.InstanceInfoReplicator$2.run(InstanceInfoReplicator.java:105)
	at java.base/java.util.concurrent.Executors$RunnableAdapter.call(Executors.java:572)
	at java.base/java.util.concurrent.FutureTask.run(FutureTask.java:317)
	at java.base/java.util.concurrent.ScheduledThreadPoolExecutor$ScheduledFutureTask.run(ScheduledThreadPoolExecutor.java:304)
	at java.base/java.util.concurrent.ThreadPoolExecutor.runWorker(ThreadPoolExecutor.java:1144)
	at java.base/java.util.concurrent.ThreadPoolExecutor$Worker.run(ThreadPoolExecutor.java:642)
	at java.base/java.lang.Thread.run(Thread.java:1583)
Caused by: org.apache.hc.client5.http.HttpHostConnectException: Connect to http://localhost:8761 [localhost/127.0.0.1, localhost/0:0:0:0:0:0:0:1] failed: Connection refused: getsockopt
	at java.base/sun.nio.ch.Net.pollConnect(Native Method)
	at java.base/sun.nio.ch.Net.pollConnectNow(Net.java:682)
	at java.base/sun.nio.ch.NioSocketImpl.timedFinishConnect(NioSocketImpl.java:542)
	at java.base/sun.nio.ch.NioSocketImpl.connect(NioSocketImpl.java:592)
	at java.base/java.net.SocksSocketImpl.connect(SocksSocketImpl.java:327)
	at java.base/java.net.Socket.connect(Socket.java:751)
	at org.apache.hc.client5.http.impl.io.DefaultHttpClientConnectionOperator.connect(DefaultHttpClientConnectionOperator.java:216)
	at org.apache.hc.client5.http.impl.io.PoolingHttpClientConnectionManager.connect(PoolingHttpClientConnectionManager.java:490)
	at org.apache.hc.client5.http.impl.classic.InternalExecRuntime.connectEndpoint(InternalExecRuntime.java:164)
	at org.apache.hc.client5.http.impl.classic.InternalExecRuntime.connectEndpoint(InternalExecRuntime.java:174)
	at org.apache.hc.client5.http.impl.classic.ConnectExec.execute(ConnectExec.java:144)
	at org.apache.hc.client5.http.impl.classic.ExecChainElement.execute(ExecChainElement.java:51)
	at org.apache.hc.client5.http.impl.classic.ProtocolExec.execute(ProtocolExec.java:192)
	at org.apache.hc.client5.http.impl.classic.ExecChainElement.execute(ExecChainElement.java:51)
	at org.apache.hc.client5.http.impl.classic.ContentCompressionExec.execute(ContentCompressionExec.java:150)
	at org.apache.hc.client5.http.impl.classic.ExecChainElement.execute(ExecChainElement.java:51)
	at org.apache.hc.client5.http.impl.classic.HttpRequestRetryExec.execute(HttpRequestRetryExec.java:113)
	at org.apache.hc.client5.http.impl.classic.ExecChainElement.execute(ExecChainElement.java:51)
	at org.apache.hc.client5.http.impl.classic.RedirectExec.execute(RedirectExec.java:110)
	at org.apache.hc.client5.http.impl.classic.ExecChainElement.execute(ExecChainElement.java:51)
	at org.apache.hc.client5.http.impl.classic.InternalHttpClient.doExecute(InternalHttpClient.java:174)
	at org.apache.hc.client5.http.impl.classic.CloseableHttpClient.execute(CloseableHttpClient.java:87)
	at org.apache.hc.client5.http.impl.classic.CloseableHttpClient.execute(CloseableHttpClient.java:55)
	at org.apache.hc.client5.http.classic.HttpClient.executeOpen(HttpClient.java:183)
	at org.springframework.http.client.HttpComponentsClientHttpRequest.executeInternal(HttpComponentsClientHttpRequest.java:99)
	at org.springframework.http.client.AbstractStreamingClientHttpRequest.executeInternal(AbstractStreamingClientHttpRequest.java:71)
	at org.springframework.http.client.AbstractClientHttpRequest.execute(AbstractClientHttpRequest.java:81)
	at org.springframework.http.client.InterceptingClientHttpRequest$InterceptingRequestExecution.execute(InterceptingClientHttpRequest.java:117)
	at org.springframework.cloud.netflix.eureka.http.RestTemplateTransportClientFactory.lambda$restTemplate$3(RestTemplateTransportClientFactory.java:141)
	at org.springframework.http.client.InterceptingClientHttpRequest$InterceptingRequestExecution.execute(InterceptingClientHttpRequest.java:88)
	at org.springframework.http.client.InterceptingClientHttpRequest.executeInternal(InterceptingClientHttpRequest.java:72)
	at org.springframework.http.client.AbstractBufferingClientHttpRequest.executeInternal(AbstractBufferingClientHttpRequest.java:48)
	at org.springframework.http.client.AbstractClientHttpRequest.execute(AbstractClientHttpRequest.java:81)
	at org.springframework.web.client.RestTemplate.doExecute(RestTemplate.java:899)
	... 21 more

2026-01-09T13:10:03.033-06:00  WARN 16864 --- [order] [DiscoveryClient-InstanceInfoReplicator-%d] [                                                 ] c.n.d.s.t.d.RetryableEurekaHttpClient    : Request execution failed with message: I/O error on POST request for "http://localhost:8761/eureka/apps/ORDER": Connect to http://localhost:8761 [localhost/127.0.0.1, localhost/0:0:0:0:0:0:0:1] failed: Connection refused: getsockopt
2026-01-09T13:10:03.034-06:00  INFO 16864 --- [order] [SpringApplicationShutdownHook] [                                                 ] o.s.a.r.l.SimpleMessageListenerContainer : Waiting for workers to finish.
2026-01-09T13:10:03.079-06:00  INFO 16864 --- [order] [DiscoveryClient-InstanceInfoReplicator-%d] [                                                 ] c.n.d.s.t.d.RedirectingEurekaHttpClient  : Request execution error. endpoint=DefaultEndpoint{ serviceUrl='http://localhost:8761/eureka/}, exception=I/O error on POST request for "http://localhost:8761/eureka/apps/ORDER": Connect to http://localhost:8761 [localhost/127.0.0.1, localhost/0:0:0:0:0:0:0:1] failed: Connection refused: getsockopt stacktrace=org.springframework.web.client.ResourceAccessException: I/O error on POST request for "http://localhost:8761/eureka/apps/ORDER": Connect to http://localhost:8761 [localhost/127.0.0.1, localhost/0:0:0:0:0:0:0:1] failed: Connection refused: getsockopt
	at org.springframework.web.client.RestTemplate.createResourceAccessException(RestTemplate.java:925)
	at org.springframework.web.client.RestTemplate.doExecute(RestTemplate.java:905)
	at org.springframework.web.client.RestTemplate.execute(RestTemplate.java:840)
	at org.springframework.web.client.RestTemplate.exchange(RestTemplate.java:701)
	at org.springframework.cloud.netflix.eureka.http.RestTemplateEurekaHttpClient.register(RestTemplateEurekaHttpClient.java:87)
	at com.netflix.discovery.shared.transport.decorator.EurekaHttpClientDecorator$1.execute(EurekaHttpClientDecorator.java:59)
	at com.netflix.discovery.shared.transport.decorator.RedirectingEurekaHttpClient.executeOnNewServer(RedirectingEurekaHttpClient.java:121)
	at com.netflix.discovery.shared.transport.decorator.RedirectingEurekaHttpClient.execute(RedirectingEurekaHttpClient.java:80)
	at com.netflix.discovery.shared.transport.decorator.EurekaHttpClientDecorator.register(EurekaHttpClientDecorator.java:56)
	at com.netflix.discovery.shared.transport.decorator.EurekaHttpClientDecorator$1.execute(EurekaHttpClientDecorator.java:59)
	at com.netflix.discovery.shared.transport.decorator.RetryableEurekaHttpClient.execute(RetryableEurekaHttpClient.java:120)
	at com.netflix.discovery.shared.transport.decorator.EurekaHttpClientDecorator.register(EurekaHttpClientDecorator.java:56)
	at com.netflix.discovery.shared.transport.decorator.EurekaHttpClientDecorator$1.execute(EurekaHttpClientDecorator.java:59)
	at com.netflix.discovery.shared.transport.decorator.SessionedEurekaHttpClient.execute(SessionedEurekaHttpClient.java:76)
	at com.netflix.discovery.shared.transport.decorator.EurekaHttpClientDecorator.register(EurekaHttpClientDecorator.java:56)
	at com.netflix.discovery.DiscoveryClient.register(DiscoveryClient.java:828)
	at com.netflix.discovery.InstanceInfoReplicator.run(InstanceInfoReplicator.java:125)
	at com.netflix.discovery.InstanceInfoReplicator$2.run(InstanceInfoReplicator.java:105)
	at java.base/java.util.concurrent.Executors$RunnableAdapter.call(Executors.java:572)
	at java.base/java.util.concurrent.FutureTask.run(FutureTask.java:317)
	at java.base/java.util.concurrent.ScheduledThreadPoolExecutor$ScheduledFutureTask.run(ScheduledThreadPoolExecutor.java:304)
	at java.base/java.util.concurrent.ThreadPoolExecutor.runWorker(ThreadPoolExecutor.java:1144)
	at java.base/java.util.concurrent.ThreadPoolExecutor$Worker.run(ThreadPoolExecutor.java:642)
	at java.base/java.lang.Thread.run(Thread.java:1583)
Caused by: org.apache.hc.client5.http.HttpHostConnectException: Connect to http://localhost:8761 [localhost/127.0.0.1, localhost/0:0:0:0:0:0:0:1] failed: Connection refused: getsockopt
	at java.base/sun.nio.ch.Net.pollConnect(Native Method)
	at java.base/sun.nio.ch.Net.pollConnectNow(Net.java:682)
	at java.base/sun.nio.ch.NioSocketImpl.timedFinishConnect(NioSocketImpl.java:542)
	at java.base/sun.nio.ch.NioSocketImpl.connect(NioSocketImpl.java:592)
	at java.base/java.net.SocksSocketImpl.connect(SocksSocketImpl.java:327)
	at java.base/java.net.Socket.connect(Socket.java:751)
	at org.apache.hc.client5.http.impl.io.DefaultHttpClientConnectionOperator.connect(DefaultHttpClientConnectionOperator.java:216)
	at org.apache.hc.client5.http.impl.io.PoolingHttpClientConnectionManager.connect(PoolingHttpClientConnectionManager.java:490)
	at org.apache.hc.client5.http.impl.classic.InternalExecRuntime.connectEndpoint(InternalExecRuntime.java:164)
	at org.apache.hc.client5.http.impl.classic.InternalExecRuntime.connectEndpoint(InternalExecRuntime.java:174)
	at org.apache.hc.client5.http.impl.classic.ConnectExec.execute(ConnectExec.java:144)
	at org.apache.hc.client5.http.impl.classic.ExecChainElement.execute(ExecChainElement.java:51)
	at org.apache.hc.client5.http.impl.classic.ProtocolExec.execute(ProtocolExec.java:192)
	at org.apache.hc.client5.http.impl.classic.ExecChainElement.execute(ExecChainElement.java:51)
	at org.apache.hc.client5.http.impl.classic.ContentCompressionExec.execute(ContentCompressionExec.java:150)
	at org.apache.hc.client5.http.impl.classic.ExecChainElement.execute(ExecChainElement.java:51)
	at org.apache.hc.client5.http.impl.classic.HttpRequestRetryExec.execute(HttpRequestRetryExec.java:113)
	at org.apache.hc.client5.http.impl.classic.ExecChainElement.execute(ExecChainElement.java:51)
	at org.apache.hc.client5.http.impl.classic.RedirectExec.execute(RedirectExec.java:110)
	at org.apache.hc.client5.http.impl.classic.ExecChainElement.execute(ExecChainElement.java:51)
	at org.apache.hc.client5.http.impl.classic.InternalHttpClient.doExecute(InternalHttpClient.java:174)
	at org.apache.hc.client5.http.impl.classic.CloseableHttpClient.execute(CloseableHttpClient.java:87)
	at org.apache.hc.client5.http.impl.classic.CloseableHttpClient.execute(CloseableHttpClient.java:55)
	at org.apache.hc.client5.http.classic.HttpClient.executeOpen(HttpClient.java:183)
	at org.springframework.http.client.HttpComponentsClientHttpRequest.executeInternal(HttpComponentsClientHttpRequest.java:99)
	at org.springframework.http.client.AbstractStreamingClientHttpRequest.executeInternal(AbstractStreamingClientHttpRequest.java:71)
	at org.springframework.http.client.AbstractClientHttpRequest.execute(AbstractClientHttpRequest.java:81)
	at org.springframework.http.client.InterceptingClientHttpRequest$InterceptingRequestExecution.execute(InterceptingClientHttpRequest.java:117)
	at org.springframework.cloud.netflix.eureka.http.RestTemplateTransportClientFactory.lambda$restTemplate$3(RestTemplateTransportClientFactory.java:141)
	at org.springframework.http.client.InterceptingClientHttpRequest$InterceptingRequestExecution.execute(InterceptingClientHttpRequest.java:88)
	at org.springframework.http.client.InterceptingClientHttpRequest.executeInternal(InterceptingClientHttpRequest.java:72)
	at org.springframework.http.client.AbstractBufferingClientHttpRequest.executeInternal(AbstractBufferingClientHttpRequest.java:48)
	at org.springframework.http.client.AbstractClientHttpRequest.execute(AbstractClientHttpRequest.java:81)
	at org.springframework.web.client.RestTemplate.doExecute(RestTemplate.java:899)
	... 22 more

2026-01-09T13:10:03.079-06:00  WARN 16864 --- [order] [DiscoveryClient-InstanceInfoReplicator-%d] [                                                 ] c.n.d.s.t.d.RetryableEurekaHttpClient    : Request execution failed with message: I/O error on POST request for "http://localhost:8761/eureka/apps/ORDER": Connect to http://localhost:8761 [localhost/127.0.0.1, localhost/0:0:0:0:0:0:0:1] failed: Connection refused: getsockopt
2026-01-09T13:10:03.079-06:00  WARN 16864 --- [order] [DiscoveryClient-InstanceInfoReplicator-%d] [                                                 ] com.netflix.discovery.DiscoveryClient    : DiscoveryClient_ORDER/MSI.mshome.net:order:8083 - registration failed Cannot execute request on any known server

com.netflix.discovery.shared.transport.TransportException: Cannot execute request on any known server
	at com.netflix.discovery.shared.transport.decorator.RetryableEurekaHttpClient.execute(RetryableEurekaHttpClient.java:112) ~[eureka-client-2.0.4.jar:2.0.4]
	at com.netflix.discovery.shared.transport.decorator.EurekaHttpClientDecorator.register(EurekaHttpClientDecorator.java:56) ~[eureka-client-2.0.4.jar:2.0.4]
	at com.netflix.discovery.shared.transport.decorator.EurekaHttpClientDecorator$1.execute(EurekaHttpClientDecorator.java:59) ~[eureka-client-2.0.4.jar:2.0.4]
	at com.netflix.discovery.shared.transport.decorator.SessionedEurekaHttpClient.execute(SessionedEurekaHttpClient.java:76) ~[eureka-client-2.0.4.jar:2.0.4]
	at com.netflix.discovery.shared.transport.decorator.EurekaHttpClientDecorator.register(EurekaHttpClientDecorator.java:56) ~[eureka-client-2.0.4.jar:2.0.4]
	at com.netflix.discovery.DiscoveryClient.register(DiscoveryClient.java:828) ~[eureka-client-2.0.4.jar:2.0.4]
	at com.netflix.discovery.InstanceInfoReplicator.run(InstanceInfoReplicator.java:125) ~[eureka-client-2.0.4.jar:2.0.4]
	at com.netflix.discovery.InstanceInfoReplicator$2.run(InstanceInfoReplicator.java:105) ~[eureka-client-2.0.4.jar:2.0.4]
	at java.base/java.util.concurrent.Executors$RunnableAdapter.call(Executors.java:572) ~[na:na]
	at java.base/java.util.concurrent.FutureTask.run(FutureTask.java:317) ~[na:na]
	at java.base/java.util.concurrent.ScheduledThreadPoolExecutor$ScheduledFutureTask.run(ScheduledThreadPoolExecutor.java:304) ~[na:na]
	at java.base/java.util.concurrent.ThreadPoolExecutor.runWorker(ThreadPoolExecutor.java:1144) ~[na:na]
	at java.base/java.util.concurrent.ThreadPoolExecutor$Worker.run(ThreadPoolExecutor.java:642) ~[na:na]
	at java.base/java.lang.Thread.run(Thread.java:1583) ~[na:na]

2026-01-09T13:10:03.080-06:00  WARN 16864 --- [order] [DiscoveryClient-InstanceInfoReplicator-%d] [                                                 ] c.n.discovery.InstanceInfoReplicator     : There was a problem with the instance info replicator

com.netflix.discovery.shared.transport.TransportException: Cannot execute request on any known server
	at com.netflix.discovery.shared.transport.decorator.RetryableEurekaHttpClient.execute(RetryableEurekaHttpClient.java:112) ~[eureka-client-2.0.4.jar:2.0.4]
	at com.netflix.discovery.shared.transport.decorator.EurekaHttpClientDecorator.register(EurekaHttpClientDecorator.java:56) ~[eureka-client-2.0.4.jar:2.0.4]
	at com.netflix.discovery.shared.transport.decorator.EurekaHttpClientDecorator$1.execute(EurekaHttpClientDecorator.java:59) ~[eureka-client-2.0.4.jar:2.0.4]
	at com.netflix.discovery.shared.transport.decorator.SessionedEurekaHttpClient.execute(SessionedEurekaHttpClient.java:76) ~[eureka-client-2.0.4.jar:2.0.4]
	at com.netflix.discovery.shared.transport.decorator.EurekaHttpClientDecorator.register(EurekaHttpClientDecorator.java:56) ~[eureka-client-2.0.4.jar:2.0.4]
	at com.netflix.discovery.DiscoveryClient.register(DiscoveryClient.java:828) ~[eureka-client-2.0.4.jar:2.0.4]
	at com.netflix.discovery.InstanceInfoReplicator.run(InstanceInfoReplicator.java:125) ~[eureka-client-2.0.4.jar:2.0.4]
	at com.netflix.discovery.InstanceInfoReplicator$2.run(InstanceInfoReplicator.java:105) ~[eureka-client-2.0.4.jar:2.0.4]
	at java.base/java.util.concurrent.Executors$RunnableAdapter.call(Executors.java:572) ~[na:na]
	at java.base/java.util.concurrent.FutureTask.run(FutureTask.java:317) ~[na:na]
	at java.base/java.util.concurrent.ScheduledThreadPoolExecutor$ScheduledFutureTask.run(ScheduledThreadPoolExecutor.java:304) ~[na:na]
	at java.base/java.util.concurrent.ThreadPoolExecutor.runWorker(ThreadPoolExecutor.java:1144) ~[na:na]
	at java.base/java.util.concurrent.ThreadPoolExecutor$Worker.run(ThreadPoolExecutor.java:642) ~[na:na]
	at java.base/java.lang.Thread.run(Thread.java:1583) ~[na:na]

2026-01-09T13:10:03.516-06:00  INFO 16864 --- [order] [SpringApplicationShutdownHook] [                                                 ] o.s.a.r.l.SimpleMessageListenerContainer : Successfully waited for workers to finish.
2026-01-09T13:10:03.516-06:00  INFO 16864 --- [order] [SpringApplicationShutdownHook] [                                                 ] o.s.i.a.i.AmqpInboundChannelAdapter      : stopped bean 'inbound.springCloudBus.anonymous.k84ZdiK4Sr2k1LrTp5E7mQ'
2026-01-09T13:10:03.518-06:00  INFO 16864 --- [order] [SpringApplicationShutdownHook] [                                                 ] o.s.c.stream.binder.BinderErrorChannel   : Channel 'order.rabbit-964151268.springCloudBusInput.errors' has 1 subscriber(s).
2026-01-09T13:10:03.519-06:00  INFO 16864 --- [order] [SpringApplicationShutdownHook] [                                                 ] o.s.c.stream.binder.BinderErrorChannel   : Channel 'order.rabbit-964151268.springCloudBusInput.errors' has 0 subscriber(s).
2026-01-09T13:10:03.521-06:00  INFO 16864 --- [order] [SpringApplicationShutdownHook] [                                                 ] o.s.b.w.e.tomcat.GracefulShutdown        : Commencing graceful shutdown. Waiting for active requests to complete
2026-01-09T13:10:03.531-06:00  INFO 16864 --- [order] [tomcat-shutdown] [                                                 ] o.s.b.w.e.tomcat.GracefulShutdown        : Graceful shutdown complete
2026-01-09T13:10:05.604-06:00  INFO 16864 --- [order] [SpringApplicationShutdownHook] [                                                 ] o.s.i.endpoint.EventDrivenConsumer       : Removing {logging-channel-adapter:_org.springframework.integration.errorLogger} as a subscriber to the 'errorChannel' channel
2026-01-09T13:10:05.604-06:00  INFO 16864 --- [order] [SpringApplicationShutdownHook] [                                                 ] o.s.i.channel.PublishSubscribeChannel    : Channel 'order.errorChannel' has 0 subscriber(s).
2026-01-09T13:10:05.604-06:00  INFO 16864 --- [order] [SpringApplicationShutdownHook] [                                                 ] o.s.i.endpoint.EventDrivenConsumer       : stopped bean '_org.springframework.integration.errorLogger'
2026-01-09T13:10:05.618-06:00  INFO 16864 --- [order] [SpringApplicationShutdownHook] [                                                 ] j.LocalContainerEntityManagerFactoryBean : Closing JPA EntityManagerFactory for persistence unit 'default'
2026-01-09T13:10:05.620-06:00  INFO 16864 --- [order] [SpringApplicationShutdownHook] [                                                 ] com.zaxxer.hikari.HikariDataSource       : HikariPool-1 - Shutdown initiated...
2026-01-09T13:10:05.622-06:00  INFO 16864 --- [order] [SpringApplicationShutdownHook] [                                                 ] com.zaxxer.hikari.HikariDataSource       : HikariPool-1 - Shutdown completed.
2026-01-09T13:10:06.033-06:00  INFO 16864 --- [order] [SpringApplicationShutdownHook] [                                                 ] com.netflix.discovery.DiscoveryClient    : Shutting down DiscoveryClient ...
2026-01-09T13:10:09.048-06:00  INFO 16864 --- [order] [SpringApplicationShutdownHook] [                                                 ] com.netflix.discovery.DiscoveryClient    : Unregistering ...
2026-01-09T13:10:09.094-06:00  INFO 16864 --- [order] [SpringApplicationShutdownHook] [                                                 ] c.n.d.s.t.d.RedirectingEurekaHttpClient  : Request execution error. endpoint=DefaultEndpoint{ serviceUrl='http://localhost:8761/eureka/}, exception=I/O error on DELETE request for "http://localhost:8761/eureka/apps/ORDER/MSI.mshome.net:order:8083": Connect to http://localhost:8761 [localhost/127.0.0.1, localhost/0:0:0:0:0:0:0:1] failed: Connection refused: getsockopt stacktrace=org.springframework.web.client.ResourceAccessException: I/O error on DELETE request for "http://localhost:8761/eureka/apps/ORDER/MSI.mshome.net:order:8083": Connect to http://localhost:8761 [localhost/127.0.0.1, localhost/0:0:0:0:0:0:0:1] failed: Connection refused: getsockopt
	at org.springframework.web.client.RestTemplate.createResourceAccessException(RestTemplate.java:925)
	at org.springframework.web.client.RestTemplate.doExecute(RestTemplate.java:905)
	at org.springframework.web.client.RestTemplate.execute(RestTemplate.java:840)
	at org.springframework.web.client.RestTemplate.exchange(RestTemplate.java:701)
	at org.springframework.cloud.netflix.eureka.http.RestTemplateEurekaHttpClient.cancel(RestTemplateEurekaHttpClient.java:100)
	at com.netflix.discovery.shared.transport.decorator.EurekaHttpClientDecorator$2.execute(EurekaHttpClientDecorator.java:74)
	at com.netflix.discovery.shared.transport.decorator.RedirectingEurekaHttpClient.executeOnNewServer(RedirectingEurekaHttpClient.java:121)
	at com.netflix.discovery.shared.transport.decorator.RedirectingEurekaHttpClient.execute(RedirectingEurekaHttpClient.java:80)
	at com.netflix.discovery.shared.transport.decorator.EurekaHttpClientDecorator.cancel(EurekaHttpClientDecorator.java:71)
	at com.netflix.discovery.shared.transport.decorator.EurekaHttpClientDecorator$2.execute(EurekaHttpClientDecorator.java:74)
	at com.netflix.discovery.shared.transport.decorator.RetryableEurekaHttpClient.execute(RetryableEurekaHttpClient.java:120)
	at com.netflix.discovery.shared.transport.decorator.EurekaHttpClientDecorator.cancel(EurekaHttpClientDecorator.java:71)
	at com.netflix.discovery.shared.transport.decorator.EurekaHttpClientDecorator$2.execute(EurekaHttpClientDecorator.java:74)
	at com.netflix.discovery.shared.transport.decorator.SessionedEurekaHttpClient.execute(SessionedEurekaHttpClient.java:76)
	at com.netflix.discovery.shared.transport.decorator.EurekaHttpClientDecorator.cancel(EurekaHttpClientDecorator.java:71)
	at com.netflix.discovery.DiscoveryClient.unregister(DiscoveryClient.java:919)
	at com.netflix.discovery.DiscoveryClient.shutdown(DiscoveryClient.java:900)
	at java.base/jdk.internal.reflect.DirectMethodHandleAccessor.invoke(DirectMethodHandleAccessor.java:103)
	at java.base/java.lang.reflect.Method.invoke(Method.java:580)
	at org.springframework.beans.factory.annotation.InitDestroyAnnotationBeanPostProcessor$LifecycleMethod.invoke(InitDestroyAnnotationBeanPostProcessor.java:457)
	at org.springframework.beans.factory.annotation.InitDestroyAnnotationBeanPostProcessor$LifecycleMetadata.invokeDestroyMethods(InitDestroyAnnotationBeanPostProcessor.java:415)
	at org.springframework.beans.factory.annotation.InitDestroyAnnotationBeanPostProcessor.postProcessBeforeDestruction(InitDestroyAnnotationBeanPostProcessor.java:239)
	at org.springframework.beans.factory.support.DisposableBeanAdapter.destroy(DisposableBeanAdapter.java:202)
	at org.springframework.beans.factory.support.DisposableBeanAdapter.run(DisposableBeanAdapter.java:195)
	at org.springframework.cloud.context.scope.GenericScope$BeanLifecycleWrapper.destroy(GenericScope.java:389)
	at org.springframework.cloud.context.scope.GenericScope.destroy(GenericScope.java:136)
	at org.springframework.beans.factory.support.DisposableBeanAdapter.destroy(DisposableBeanAdapter.java:211)
	at org.springframework.beans.factory.support.DefaultSingletonBeanRegistry.destroyBean(DefaultSingletonBeanRegistry.java:735)
	at org.springframework.beans.factory.support.DefaultSingletonBeanRegistry.destroySingleton(DefaultSingletonBeanRegistry.java:692)
	at org.springframework.beans.factory.support.DefaultListableBeanFactory.destroySingleton(DefaultListableBeanFactory.java:1401)
	at org.springframework.beans.factory.support.DefaultSingletonBeanRegistry.destroySingletons(DefaultSingletonBeanRegistry.java:651)
	at org.springframework.beans.factory.support.DefaultListableBeanFactory.destroySingletons(DefaultListableBeanFactory.java:1394)
	at org.springframework.context.support.AbstractApplicationContext.destroyBeans(AbstractApplicationContext.java:1219)
	at org.springframework.context.support.AbstractApplicationContext.doClose(AbstractApplicationContext.java:1180)
	at org.springframework.boot.web.servlet.context.ServletWebServerApplicationContext.doClose(ServletWebServerApplicationContext.java:179)
	at org.springframework.context.support.AbstractApplicationContext.close(AbstractApplicationContext.java:1126)
	at org.springframework.boot.SpringApplicationShutdownHook.closeAndWait(SpringApplicationShutdownHook.java:147)
	at java.base/java.lang.Iterable.forEach(Iterable.java:75)
	at org.springframework.boot.SpringApplicationShutdownHook.run(SpringApplicationShutdownHook.java:116)
	at java.base/java.lang.Thread.run(Thread.java:1583)
Caused by: org.apache.hc.client5.http.HttpHostConnectException: Connect to http://localhost:8761 [localhost/127.0.0.1, localhost/0:0:0:0:0:0:0:1] failed: Connection refused: getsockopt
	at java.base/sun.nio.ch.Net.pollConnect(Native Method)
	at java.base/sun.nio.ch.Net.pollConnectNow(Net.java:682)
	at java.base/sun.nio.ch.NioSocketImpl.timedFinishConnect(NioSocketImpl.java:542)
	at java.base/sun.nio.ch.NioSocketImpl.connect(NioSocketImpl.java:592)
	at java.base/java.net.SocksSocketImpl.connect(SocksSocketImpl.java:327)
	at java.base/java.net.Socket.connect(Socket.java:751)
	at org.apache.hc.client5.http.impl.io.DefaultHttpClientConnectionOperator.connect(DefaultHttpClientConnectionOperator.java:216)
	at org.apache.hc.client5.http.impl.io.PoolingHttpClientConnectionManager.connect(PoolingHttpClientConnectionManager.java:490)
	at org.apache.hc.client5.http.impl.classic.InternalExecRuntime.connectEndpoint(InternalExecRuntime.java:164)
	at org.apache.hc.client5.http.impl.classic.InternalExecRuntime.connectEndpoint(InternalExecRuntime.java:174)
	at org.apache.hc.client5.http.impl.classic.ConnectExec.execute(ConnectExec.java:144)
	at org.apache.hc.client5.http.impl.classic.ExecChainElement.execute(ExecChainElement.java:51)
	at org.apache.hc.client5.http.impl.classic.ProtocolExec.execute(ProtocolExec.java:192)
	at org.apache.hc.client5.http.impl.classic.ExecChainElement.execute(ExecChainElement.java:51)
	at org.apache.hc.client5.http.impl.classic.ContentCompressionExec.execute(ContentCompressionExec.java:150)
	at org.apache.hc.client5.http.impl.classic.ExecChainElement.execute(ExecChainElement.java:51)
	at org.apache.hc.client5.http.impl.classic.HttpRequestRetryExec.execute(HttpRequestRetryExec.java:113)
	at org.apache.hc.client5.http.impl.classic.ExecChainElement.execute(ExecChainElement.java:51)
	at org.apache.hc.client5.http.impl.classic.RedirectExec.execute(RedirectExec.java:110)
	at org.apache.hc.client5.http.impl.classic.ExecChainElement.execute(ExecChainElement.java:51)
	at org.apache.hc.client5.http.impl.classic.InternalHttpClient.doExecute(InternalHttpClient.java:174)
	at org.apache.hc.client5.http.impl.classic.CloseableHttpClient.execute(CloseableHttpClient.java:87)
	at org.apache.hc.client5.http.impl.classic.CloseableHttpClient.execute(CloseableHttpClient.java:55)
	at org.apache.hc.client5.http.classic.HttpClient.executeOpen(HttpClient.java:183)
	at org.springframework.http.client.HttpComponentsClientHttpRequest.executeInternal(HttpComponentsClientHttpRequest.java:99)
	at org.springframework.http.client.AbstractStreamingClientHttpRequest.executeInternal(AbstractStreamingClientHttpRequest.java:71)
	at org.springframework.http.client.AbstractClientHttpRequest.execute(AbstractClientHttpRequest.java:81)
	at org.springframework.http.client.InterceptingClientHttpRequest$InterceptingRequestExecution.execute(InterceptingClientHttpRequest.java:117)
	at org.springframework.cloud.netflix.eureka.http.RestTemplateTransportClientFactory.lambda$restTemplate$3(RestTemplateTransportClientFactory.java:141)
	at org.springframework.http.client.InterceptingClientHttpRequest$InterceptingRequestExecution.execute(InterceptingClientHttpRequest.java:88)
	at org.springframework.http.client.InterceptingClientHttpRequest.executeInternal(InterceptingClientHttpRequest.java:72)
	at org.springframework.http.client.AbstractBufferingClientHttpRequest.executeInternal(AbstractBufferingClientHttpRequest.java:48)
	at org.springframework.http.client.AbstractClientHttpRequest.execute(AbstractClientHttpRequest.java:81)
	at org.springframework.web.client.RestTemplate.doExecute(RestTemplate.java:899)
	... 38 more

2026-01-09T13:10:09.095-06:00  WARN 16864 --- [order] [SpringApplicationShutdownHook] [                                                 ] c.n.d.s.t.d.RetryableEurekaHttpClient    : Request execution failed with message: I/O error on DELETE request for "http://localhost:8761/eureka/apps/ORDER/MSI.mshome.net:order:8083": Connect to http://localhost:8761 [localhost/127.0.0.1, localhost/0:0:0:0:0:0:0:1] failed: Connection refused: getsockopt
2026-01-09T13:10:09.095-06:00 ERROR 16864 --- [order] [SpringApplicationShutdownHook] [                                                 ] com.netflix.discovery.DiscoveryClient    : DiscoveryClient_ORDER/MSI.mshome.net:order:8083 - de-registration failedCannot execute request on any known server

com.netflix.discovery.shared.transport.TransportException: Cannot execute request on any known server
	at com.netflix.discovery.shared.transport.decorator.RetryableEurekaHttpClient.execute(RetryableEurekaHttpClient.java:112) ~[eureka-client-2.0.4.jar:2.0.4]
	at com.netflix.discovery.shared.transport.decorator.EurekaHttpClientDecorator.cancel(EurekaHttpClientDecorator.java:71) ~[eureka-client-2.0.4.jar:2.0.4]
	at com.netflix.discovery.shared.transport.decorator.EurekaHttpClientDecorator$2.execute(EurekaHttpClientDecorator.java:74) ~[eureka-client-2.0.4.jar:2.0.4]
	at com.netflix.discovery.shared.transport.decorator.SessionedEurekaHttpClient.execute(SessionedEurekaHttpClient.java:76) ~[eureka-client-2.0.4.jar:2.0.4]
	at com.netflix.discovery.shared.transport.decorator.EurekaHttpClientDecorator.cancel(EurekaHttpClientDecorator.java:71) ~[eureka-client-2.0.4.jar:2.0.4]
	at com.netflix.discovery.DiscoveryClient.unregister(DiscoveryClient.java:919) ~[eureka-client-2.0.4.jar:2.0.4]
	at com.netflix.discovery.DiscoveryClient.shutdown(DiscoveryClient.java:900) ~[eureka-client-2.0.4.jar:2.0.4]
	at java.base/jdk.internal.reflect.DirectMethodHandleAccessor.invoke(DirectMethodHandleAccessor.java:103) ~[na:na]
	at java.base/java.lang.reflect.Method.invoke(Method.java:580) ~[na:na]
	at org.springframework.beans.factory.annotation.InitDestroyAnnotationBeanPostProcessor$LifecycleMethod.invoke(InitDestroyAnnotationBeanPostProcessor.java:457) ~[spring-beans-6.2.3.jar:6.2.3]
	at org.springframework.beans.factory.annotation.InitDestroyAnnotationBeanPostProcessor$LifecycleMetadata.invokeDestroyMethods(InitDestroyAnnotationBeanPostProcessor.java:415) ~[spring-beans-6.2.3.jar:6.2.3]
	at org.springframework.beans.factory.annotation.InitDestroyAnnotationBeanPostProcessor.postProcessBeforeDestruction(InitDestroyAnnotationBeanPostProcessor.java:239) ~[spring-beans-6.2.3.jar:6.2.3]
	at org.springframework.beans.factory.support.DisposableBeanAdapter.destroy(DisposableBeanAdapter.java:202) ~[spring-beans-6.2.3.jar:6.2.3]
	at org.springframework.beans.factory.support.DisposableBeanAdapter.run(DisposableBeanAdapter.java:195) ~[spring-beans-6.2.3.jar:6.2.3]
	at org.springframework.cloud.context.scope.GenericScope$BeanLifecycleWrapper.destroy(GenericScope.java:389) ~[spring-cloud-context-4.2.0.jar:4.2.0]
	at org.springframework.cloud.context.scope.GenericScope.destroy(GenericScope.java:136) ~[spring-cloud-context-4.2.0.jar:4.2.0]
	at org.springframework.beans.factory.support.DisposableBeanAdapter.destroy(DisposableBeanAdapter.java:211) ~[spring-beans-6.2.3.jar:6.2.3]
	at org.springframework.beans.factory.support.DefaultSingletonBeanRegistry.destroyBean(DefaultSingletonBeanRegistry.java:735) ~[spring-beans-6.2.3.jar:6.2.3]
	at org.springframework.beans.factory.support.DefaultSingletonBeanRegistry.destroySingleton(DefaultSingletonBeanRegistry.java:692) ~[spring-beans-6.2.3.jar:6.2.3]
	at org.springframework.beans.factory.support.DefaultListableBeanFactory.destroySingleton(DefaultListableBeanFactory.java:1401) ~[spring-beans-6.2.3.jar:6.2.3]
	at org.springframework.beans.factory.support.DefaultSingletonBeanRegistry.destroySingletons(DefaultSingletonBeanRegistry.java:651) ~[spring-beans-6.2.3.jar:6.2.3]
	at org.springframework.beans.factory.support.DefaultListableBeanFactory.destroySingletons(DefaultListableBeanFactory.java:1394) ~[spring-beans-6.2.3.jar:6.2.3]
	at org.springframework.context.support.AbstractApplicationContext.destroyBeans(AbstractApplicationContext.java:1219) ~[spring-context-6.2.3.jar:6.2.3]
	at org.springframework.context.support.AbstractApplicationContext.doClose(AbstractApplicationContext.java:1180) ~[spring-context-6.2.3.jar:6.2.3]
	at org.springframework.boot.web.servlet.context.ServletWebServerApplicationContext.doClose(ServletWebServerApplicationContext.java:179) ~[spring-boot-3.4.3.jar:3.4.3]
	at org.springframework.context.support.AbstractApplicationContext.close(AbstractApplicationContext.java:1126) ~[spring-context-6.2.3.jar:6.2.3]
	at org.springframework.boot.SpringApplicationShutdownHook.closeAndWait(SpringApplicationShutdownHook.java:147) ~[spring-boot-3.4.3.jar:3.4.3]
	at java.base/java.lang.Iterable.forEach(Iterable.java:75) ~[na:na]
	at org.springframework.boot.SpringApplicationShutdownHook.run(SpringApplicationShutdownHook.java:116) ~[spring-boot-3.4.3.jar:3.4.3]
	at java.base/java.lang.Thread.run(Thread.java:1583) ~[na:na]

2026-01-09T13:10:09.095-06:00  INFO 16864 --- [order] [SpringApplicationShutdownHook] [                                                 ] com.netflix.discovery.DiscoveryClient    : Completed shut down of DiscoveryClient
