2026-08-23T22:54:36.506-06:00  INFO 92100 --- [order] [main] [                                                 ] com.indi.order.OrderApplication          : Starting OrderApplication using Java 21.0.11 with PID 92100 (/home/boo/Documentos/a1_studio/a0_indi_microservices_spring/java-spring-microservices-masterclass/B7_secc_22_ecomm-spring-cloud-stream/order/target/classes started by boo in /home/boo/Documentos/a1_studio/a0_indi_microservices_spring/java-spring-microservices-masterclass/B7_secc_22_ecomm-spring-cloud-stream/order)
2026-08-23T22:54:36.510-06:00  INFO 92100 --- [order] [main] [                                                 ] com.indi.order.OrderApplication          : No active profile set, falling back to 1 default profile: "default"
2026-08-23T22:54:36.567-06:00  INFO 92100 --- [order] [main] [                                                 ] o.s.c.c.c.ConfigServerConfigDataLoader   : Fetching config from server at : http://localhost:8888
2026-08-23T22:54:36.568-06:00  INFO 92100 --- [order] [main] [                                                 ] o.s.c.c.c.ConfigServerConfigDataLoader   : Located environment: name=order, profiles=[default], label=null, version=null, state=null
2026-08-23T22:54:37.994-06:00  INFO 92100 --- [order] [main] [                                                 ] .s.d.r.c.RepositoryConfigurationDelegate : Bootstrapping Spring Data JPA repositories in DEFAULT mode.
2026-08-23T22:54:38.090-06:00  INFO 92100 --- [order] [main] [                                                 ] .s.d.r.c.RepositoryConfigurationDelegate : Finished Spring Data repository scanning in 86 ms. Found 2 JPA repository interfaces.
2026-08-23T22:54:38.289-06:00  INFO 92100 --- [order] [main] [                                                 ] faultConfiguringBeanFactoryPostProcessor : No bean named 'errorChannel' has been explicitly defined. Therefore, a default PublishSubscribeChannel will be created.
2026-08-23T22:54:38.297-06:00  INFO 92100 --- [order] [main] [                                                 ] faultConfiguringBeanFactoryPostProcessor : No bean named 'integrationHeaderChannelRegistry' has been explicitly defined. Therefore, a default DefaultHeaderChannelRegistry will be created.
2026-08-23T22:54:38.494-06:00  INFO 92100 --- [order] [main] [                                                 ] o.s.cloud.context.scope.GenericScope     : BeanFactory id=2e8f5ed3-e10f-3c83-9523-8ec0983d4fd8
2026-08-23T22:54:38.839-06:00  WARN 92100 --- [order] [main] [                                                 ] trationDelegate$BeanPostProcessorChecker : Bean 'org.springframework.boot.autoconfigure.integration.IntegrationAutoConfiguration$IntegrationJmxConfiguration' of type [org.springframework.boot.autoconfigure.integration.IntegrationAutoConfiguration$IntegrationJmxConfiguration] is not eligible for getting processed by all BeanPostProcessors (for example: not eligible for auto-proxying). The currently created BeanPostProcessor [integrationMbeanExporter] is declared through a non-static factory method on that class; consider declaring it as static instead.
2026-08-23T22:54:38.855-06:00  WARN 92100 --- [order] [main] [                                                 ] trationDelegate$BeanPostProcessorChecker : Bean 'org.springframework.cloud.stream.config.BindersHealthIndicatorAutoConfiguration' of type [org.springframework.cloud.stream.config.BindersHealthIndicatorAutoConfiguration] is not eligible for getting processed by all BeanPostProcessors (for example: not eligible for auto-proxying). Is this bean getting eagerly injected/applied to a currently created BeanPostProcessor [integrationMbeanExporter]? Check the corresponding BeanPostProcessor declaration and its dependencies/advisors. If this bean does not have to be post-processed, declare it with ROLE_INFRASTRUCTURE.
2026-08-23T22:54:38.859-06:00  WARN 92100 --- [order] [main] [                                                 ] trationDelegate$BeanPostProcessorChecker : Bean 'bindersHealthContributor' of type [org.springframework.cloud.stream.config.BindersHealthIndicatorAutoConfiguration$BindersHealthContributor] is not eligible for getting processed by all BeanPostProcessors (for example: not eligible for auto-proxying). Is this bean getting eagerly injected/applied to a currently created BeanPostProcessor [integrationMbeanExporter]? Check the corresponding BeanPostProcessor declaration and its dependencies/advisors. If this bean does not have to be post-processed, declare it with ROLE_INFRASTRUCTURE.
2026-08-23T22:54:38.870-06:00  WARN 92100 --- [order] [main] [                                                 ] trationDelegate$BeanPostProcessorChecker : Bean 'bindersHealthIndicatorListener' of type [org.springframework.cloud.stream.config.BindersHealthIndicatorAutoConfiguration$BindersHealthIndicatorListener] is not eligible for getting processed by all BeanPostProcessors (for example: not eligible for auto-proxying). Is this bean getting eagerly injected/applied to a currently created BeanPostProcessor [integrationMbeanExporter]? Check the corresponding BeanPostProcessor declaration and its dependencies/advisors. If this bean does not have to be post-processed, declare it with ROLE_INFRASTRUCTURE.
2026-08-23T22:54:38.883-06:00  WARN 92100 --- [order] [main] [                                                 ] trationDelegate$BeanPostProcessorChecker : Bean 'org.springframework.cloud.stream.binder.rabbit.config.ExtendedBindingHandlerMappingsProviderConfiguration' of type [org.springframework.cloud.stream.binder.rabbit.config.ExtendedBindingHandlerMappingsProviderConfiguration] is not eligible for getting processed by all BeanPostProcessors (for example: not eligible for auto-proxying). Is this bean getting eagerly injected/applied to a currently created BeanPostProcessor [integrationMbeanExporter]? Check the corresponding BeanPostProcessor declaration and its dependencies/advisors. If this bean does not have to be post-processed, declare it with ROLE_INFRASTRUCTURE.
2026-08-23T22:54:38.886-06:00  WARN 92100 --- [order] [main] [                                                 ] trationDelegate$BeanPostProcessorChecker : Bean 'rabbitExtendedPropertiesDefaultMappingsProvider' of type [org.springframework.cloud.stream.binder.rabbit.config.ExtendedBindingHandlerMappingsProviderConfiguration$$Lambda/0x00007f87cc6370a0] is not eligible for getting processed by all BeanPostProcessors (for example: not eligible for auto-proxying). Is this bean getting eagerly injected/applied to a currently created BeanPostProcessor [integrationMbeanExporter]? Check the corresponding BeanPostProcessor declaration and its dependencies/advisors. If this bean does not have to be post-processed, declare it with ROLE_INFRASTRUCTURE.
2026-08-23T22:54:38.890-06:00  WARN 92100 --- [order] [main] [                                                 ] trationDelegate$BeanPostProcessorChecker : Bean 'BindingHandlerAdvise' of type [org.springframework.cloud.stream.config.BindingHandlerAdvise] is not eligible for getting processed by all BeanPostProcessors (for example: not eligible for auto-proxying). Is this bean getting eagerly injected/applied to a currently created BeanPostProcessor [integrationMbeanExporter]? Check the corresponding BeanPostProcessor declaration and its dependencies/advisors. If this bean does not have to be post-processed, declare it with ROLE_INFRASTRUCTURE.
2026-08-23T22:54:38.893-06:00  WARN 92100 --- [order] [main] [                                                 ] trationDelegate$BeanPostProcessorChecker : Bean 'org.springframework.cloud.commons.config.CommonsConfigAutoConfiguration' of type [org.springframework.cloud.commons.config.CommonsConfigAutoConfiguration] is not eligible for getting processed by all BeanPostProcessors (for example: not eligible for auto-proxying). Is this bean getting eagerly injected/applied to a currently created BeanPostProcessor [integrationMbeanExporter]? Check the corresponding BeanPostProcessor declaration and its dependencies/advisors. If this bean does not have to be post-processed, declare it with ROLE_INFRASTRUCTURE.
2026-08-23T22:54:38.896-06:00  WARN 92100 --- [order] [main] [                                                 ] trationDelegate$BeanPostProcessorChecker : Bean 'org.springframework.cloud.client.loadbalancer.LoadBalancerDefaultMappingsProviderAutoConfiguration' of type [org.springframework.cloud.client.loadbalancer.LoadBalancerDefaultMappingsProviderAutoConfiguration] is not eligible for getting processed by all BeanPostProcessors (for example: not eligible for auto-proxying). Is this bean getting eagerly injected/applied to a currently created BeanPostProcessor [integrationMbeanExporter]? Check the corresponding BeanPostProcessor declaration and its dependencies/advisors. If this bean does not have to be post-processed, declare it with ROLE_INFRASTRUCTURE.
2026-08-23T22:54:38.899-06:00  WARN 92100 --- [order] [main] [                                                 ] trationDelegate$BeanPostProcessorChecker : Bean 'loadBalancerClientsDefaultsMappingsProvider' of type [org.springframework.cloud.client.loadbalancer.LoadBalancerDefaultMappingsProviderAutoConfiguration$$Lambda/0x00007f87cc6372c0] is not eligible for getting processed by all BeanPostProcessors (for example: not eligible for auto-proxying). Is this bean getting eagerly injected/applied to a currently created BeanPostProcessor [integrationMbeanExporter]? Check the corresponding BeanPostProcessor declaration and its dependencies/advisors. If this bean does not have to be post-processed, declare it with ROLE_INFRASTRUCTURE.
2026-08-23T22:54:38.902-06:00  WARN 92100 --- [order] [main] [                                                 ] trationDelegate$BeanPostProcessorChecker : Bean 'defaultsBindHandlerAdvisor' of type [org.springframework.cloud.commons.config.DefaultsBindHandlerAdvisor] is not eligible for getting processed by all BeanPostProcessors (for example: not eligible for auto-proxying). Is this bean getting eagerly injected/applied to a currently created BeanPostProcessor [integrationMbeanExporter]? Check the corresponding BeanPostProcessor declaration and its dependencies/advisors. If this bean does not have to be post-processed, declare it with ROLE_INFRASTRUCTURE.
2026-08-23T22:54:38.916-06:00  WARN 92100 --- [order] [main] [                                                 ] trationDelegate$BeanPostProcessorChecker : Bean 'spelConverter' of type [org.springframework.cloud.stream.config.SpelExpressionConverterConfiguration$SpelConverter] is not eligible for getting processed by all BeanPostProcessors (for example: not eligible for auto-proxying). Is this bean getting eagerly injected/applied to a currently created BeanPostProcessor [integrationMbeanExporter]? Check the corresponding BeanPostProcessor declaration and its dependencies/advisors. If this bean does not have to be post-processed, declare it with ROLE_INFRASTRUCTURE.
2026-08-23T22:54:38.924-06:00  WARN 92100 --- [order] [main] [                                                 ] trationDelegate$BeanPostProcessorChecker : Bean 'spring.jmx-org.springframework.boot.autoconfigure.jmx.JmxProperties' of type [org.springframework.boot.autoconfigure.jmx.JmxProperties] is not eligible for getting processed by all BeanPostProcessors (for example: not eligible for auto-proxying). Is this bean getting eagerly injected/applied to a currently created BeanPostProcessor [integrationMbeanExporter]? Check the corresponding BeanPostProcessor declaration and its dependencies/advisors. If this bean does not have to be post-processed, declare it with ROLE_INFRASTRUCTURE.
2026-08-23T22:54:38.932-06:00  WARN 92100 --- [order] [main] [                                                 ] trationDelegate$BeanPostProcessorChecker : Bean 'org.springframework.boot.autoconfigure.jmx.JmxAutoConfiguration' of type [org.springframework.boot.autoconfigure.jmx.JmxAutoConfiguration] is not eligible for getting processed by all BeanPostProcessors (for example: not eligible for auto-proxying). Is this bean getting eagerly injected/applied to a currently created BeanPostProcessor [integrationMbeanExporter]? Check the corresponding BeanPostProcessor declaration and its dependencies/advisors. If this bean does not have to be post-processed, declare it with ROLE_INFRASTRUCTURE.
2026-08-23T22:54:38.936-06:00  WARN 92100 --- [order] [main] [                                                 ] trationDelegate$BeanPostProcessorChecker : Bean 'mbeanServer' of type [com.sun.jmx.mbeanserver.JmxMBeanServer] is not eligible for getting processed by all BeanPostProcessors (for example: not eligible for auto-proxying). Is this bean getting eagerly injected/applied to a currently created BeanPostProcessor [integrationMbeanExporter]? Check the corresponding BeanPostProcessor declaration and its dependencies/advisors. If this bean does not have to be post-processed, declare it with ROLE_INFRASTRUCTURE.
2026-08-23T22:54:39.331-06:00  INFO 92100 --- [order] [main] [                                                 ] o.s.b.w.embedded.tomcat.TomcatWebServer  : Tomcat initialized with port 8083 (http)
2026-08-23T22:54:39.343-06:00  INFO 92100 --- [order] [main] [                                                 ] o.apache.catalina.core.StandardService   : Starting service [Tomcat]
2026-08-23T22:54:39.344-06:00  INFO 92100 --- [order] [main] [                                                 ] o.apache.catalina.core.StandardEngine    : Starting Servlet engine: [Apache Tomcat/10.1.36]
2026-08-23T22:54:39.385-06:00  INFO 92100 --- [order] [main] [                                                 ] o.a.c.c.C.[Tomcat].[localhost].[/]       : Initializing Spring embedded WebApplicationContext
2026-08-23T22:54:39.386-06:00  INFO 92100 --- [order] [main] [                                                 ] w.s.c.ServletWebServerApplicationContext : Root WebApplicationContext: initialization completed in 2815 ms
2026-08-23T22:54:40.141-06:00  INFO 92100 --- [order] [main] [                                                 ] o.hibernate.jpa.internal.util.LogHelper  : HHH000204: Processing PersistenceUnitInfo [name: default]
2026-08-23T22:54:40.177-06:00  INFO 92100 --- [order] [main] [                                                 ] org.hibernate.Version                    : HHH000412: Hibernate ORM core version 6.6.8.Final
2026-08-23T22:54:40.200-06:00  INFO 92100 --- [order] [main] [                                                 ] o.h.c.internal.RegionFactoryInitiator    : HHH000026: Second-level cache disabled
2026-08-23T22:54:40.400-06:00  INFO 92100 --- [order] [main] [                                                 ] o.s.o.j.p.SpringPersistenceUnitInfo      : No LoadTimeWeaver setup: ignoring JPA class transformer
2026-08-23T22:54:40.426-06:00  INFO 92100 --- [order] [main] [                                                 ] com.zaxxer.hikari.HikariDataSource       : HikariPool-1 - Starting...
2026-08-23T22:54:40.560-06:00  INFO 92100 --- [order] [main] [                                                 ] com.zaxxer.hikari.pool.HikariPool        : HikariPool-1 - Added connection org.postgresql.jdbc.PgConnection@11c68269
2026-08-23T22:54:40.561-06:00  INFO 92100 --- [order] [main] [                                                 ] com.zaxxer.hikari.HikariDataSource       : HikariPool-1 - Start completed.
2026-08-23T22:54:40.584-06:00  WARN 92100 --- [order] [main] [                                                 ] org.hibernate.orm.deprecation            : HHH90000025: PostgreSQLDialect does not need to be specified explicitly using 'hibernate.dialect' (remove the property setting and it will be selected by default)
2026-08-23T22:54:40.597-06:00  INFO 92100 --- [order] [main] [                                                 ] org.hibernate.orm.connections.pooling    : HHH10001005: Database info:
	Database JDBC URL [Connecting through datasource 'HikariDataSource (HikariPool-1)']
	Database driver: undefined/unknown
	Database version: 14.23
	Autocommit mode: undefined/unknown
	Isolation level: undefined/unknown
	Minimum pool size: undefined/unknown
	Maximum pool size: undefined/unknown
2026-08-23T22:54:41.250-06:00  INFO 92100 --- [order] [main] [                                                 ] o.h.e.t.j.p.i.JtaPlatformInitiator       : HHH000489: No JTA platform available (set 'hibernate.transaction.jta.platform' to enable JTA platform integration)
2026-08-23T22:54:41.375-06:00  INFO 92100 --- [order] [main] [                                                 ] j.LocalContainerEntityManagerFactoryBean : Initialized JPA EntityManagerFactory for persistence unit 'default'
2026-08-23T22:54:42.577-06:00  WARN 92100 --- [order] [main] [                                                 ] JpaBaseConfiguration$JpaWebConfiguration : spring.jpa.open-in-view is enabled by default. Therefore, database queries may be performed during view rendering. Explicitly configure spring.jpa.open-in-view to disable this warning
2026-08-23T22:54:43.745-06:00  INFO 92100 --- [order] [main] [                                                 ] DiscoveryClientOptionalArgsConfiguration : Eureka HTTP Client uses RestTemplate.
2026-08-23T22:54:43.802-06:00  WARN 92100 --- [order] [main] [                                                 ] iguration$LoadBalancerCaffeineWarnLogger : Spring Cloud LoadBalancer is currently working with the default cache. While this cache implementation is useful for development and tests, it's recommended to use Caffeine cache in production.You can switch to using Caffeine cache, by adding it and org.springframework.cache.caffeine.CaffeineCacheManager to the classpath.
2026-08-23T22:54:43.816-06:00  INFO 92100 --- [order] [main] [                                                 ] o.s.b.a.e.web.EndpointLinksResolver      : Exposing 33 endpoints beneath base path '/actuator'
2026-08-23T22:54:43.970-06:00  INFO 92100 --- [order] [main] [                                                 ] o.s.i.monitor.IntegrationMBeanExporter   : Registering MessageChannel errorChannel
2026-08-23T22:54:43.974-06:00  INFO 92100 --- [order] [main] [                                                 ] o.s.i.monitor.IntegrationMBeanExporter   : Registering MessageChannel nullChannel
2026-08-23T22:54:43.979-06:00  INFO 92100 --- [order] [main] [                                                 ] o.s.i.monitor.IntegrationMBeanExporter   : Registering MessageHandler _org.springframework.integration.errorLogger
2026-08-23T22:54:43.991-06:00  INFO 92100 --- [order] [main] [                                                 ] o.s.i.endpoint.EventDrivenConsumer       : Adding {logging-channel-adapter:_org.springframework.integration.errorLogger} as a subscriber to the 'errorChannel' channel
2026-08-23T22:54:43.992-06:00  INFO 92100 --- [order] [main] [                                                 ] o.s.i.channel.PublishSubscribeChannel    : Channel 'order.errorChannel' has 1 subscriber(s).
2026-08-23T22:54:43.992-06:00  INFO 92100 --- [order] [main] [                                                 ] o.s.i.endpoint.EventDrivenConsumer       : started bean '_org.springframework.integration.errorLogger'
2026-08-23T22:54:44.002-06:00  INFO 92100 --- [order] [main] [                                                 ] o.s.c.n.eureka.InstanceInfoFactory       : Setting initial instance status as: STARTING
2026-08-23T22:54:44.017-06:00  INFO 92100 --- [order] [main] [                                                 ] com.netflix.discovery.DiscoveryClient    : Initializing Eureka in region us-east-1
2026-08-23T22:54:44.019-06:00  INFO 92100 --- [order] [main] [                                                 ] c.n.d.s.r.aws.ConfigClusterResolver      : Resolving eureka endpoints via configuration
2026-08-23T22:54:44.024-06:00  INFO 92100 --- [order] [main] [                                                 ] com.netflix.discovery.DiscoveryClient    : Disable delta property : false
2026-08-23T22:54:44.024-06:00  INFO 92100 --- [order] [main] [                                                 ] com.netflix.discovery.DiscoveryClient    : Single vip registry refresh property : null
2026-08-23T22:54:44.024-06:00  INFO 92100 --- [order] [main] [                                                 ] com.netflix.discovery.DiscoveryClient    : Force full registry fetch : false
2026-08-23T22:54:44.024-06:00  INFO 92100 --- [order] [main] [                                                 ] com.netflix.discovery.DiscoveryClient    : Application is null : false
2026-08-23T22:54:44.024-06:00  INFO 92100 --- [order] [main] [                                                 ] com.netflix.discovery.DiscoveryClient    : Registered Applications size is zero : true
2026-08-23T22:54:44.024-06:00  INFO 92100 --- [order] [main] [                                                 ] com.netflix.discovery.DiscoveryClient    : Application version is -1: true
2026-08-23T22:54:44.024-06:00  INFO 92100 --- [order] [main] [                                                 ] com.netflix.discovery.DiscoveryClient    : Getting all instance registry info from the eureka server
2026-08-23T22:54:44.125-06:00  INFO 92100 --- [order] [main] [                                                 ] com.netflix.discovery.DiscoveryClient    : The response status is 200
2026-08-23T22:54:44.126-06:00  INFO 92100 --- [order] [main] [                                                 ] com.netflix.discovery.DiscoveryClient    : Starting heartbeat executor: renew interval is: 30
2026-08-23T22:54:44.126-06:00  INFO 92100 --- [order] [main] [                                                 ] c.n.discovery.InstanceInfoReplicator     : InstanceInfoReplicator onDemand update allowed rate per min is 4
2026-08-23T22:54:44.127-06:00  INFO 92100 --- [order] [main] [                                                 ] com.netflix.discovery.DiscoveryClient    : Discovery Client initialized at timestamp 1787547284127 with initial instances count: 0
2026-08-23T22:54:44.134-06:00  INFO 92100 --- [order] [main] [                                                 ] o.s.c.n.e.s.EurekaServiceRegistry        : Registering application ORDER with eureka with status UP
2026-08-23T22:54:44.134-06:00  INFO 92100 --- [order] [main] [                                                 ] com.netflix.discovery.DiscoveryClient    : Saw local status change event StatusChangeEvent [timestamp=1787547284134, current=UP, previous=STARTING]
2026-08-23T22:54:44.135-06:00  INFO 92100 --- [order] [DiscoveryClient-InstanceInfoReplicator-%d] [                                                 ] com.netflix.discovery.DiscoveryClient    : DiscoveryClient_ORDER/fedora:order:8083: registering service...
2026-08-23T22:54:44.148-06:00  INFO 92100 --- [order] [main] [                                                 ] o.s.b.w.embedded.tomcat.TomcatWebServer  : Tomcat started on port 8083 (http) with context path '/'
2026-08-23T22:54:44.149-06:00  INFO 92100 --- [order] [main] [                                                 ] .s.c.n.e.s.EurekaAutoServiceRegistration : Updating port to 8083
2026-08-23T22:54:44.166-06:00  INFO 92100 --- [order] [DiscoveryClient-InstanceInfoReplicator-%d] [                                                 ] com.netflix.discovery.DiscoveryClient    : DiscoveryClient_ORDER/fedora:order:8083 - registration status: 204
2026-08-23T22:54:44.181-06:00  INFO 92100 --- [order] [main] [                                                 ] com.indi.order.OrderApplication          : Started OrderApplication in 8.775 seconds (process running for 9.694)
2026-08-23T22:54:44.348-06:00  INFO 92100 --- [order] [RMI TCP Connection(1)-127.0.0.1] [                                                 ] o.a.c.c.C.[Tomcat].[localhost].[/]       : Initializing Spring DispatcherServlet 'dispatcherServlet'
2026-08-23T22:54:44.348-06:00  INFO 92100 --- [order] [RMI TCP Connection(1)-127.0.0.1] [                                                 ] o.s.web.servlet.DispatcherServlet        : Initializing Servlet 'dispatcherServlet'
2026-08-23T22:54:44.349-06:00  INFO 92100 --- [order] [RMI TCP Connection(1)-127.0.0.1] [                                                 ] o.s.web.servlet.DispatcherServlet        : Completed initialization in 1 ms
2026-08-23T22:55:14.126-06:00  INFO 92100 --- [order] [DiscoveryClient-CacheRefreshExecutor-%d] [                                                 ] com.netflix.discovery.DiscoveryClient    : Disable delta property : false
2026-08-23T22:55:14.126-06:00  INFO 92100 --- [order] [DiscoveryClient-CacheRefreshExecutor-%d] [                                                 ] com.netflix.discovery.DiscoveryClient    : Single vip registry refresh property : null
2026-08-23T22:55:14.126-06:00  INFO 92100 --- [order] [DiscoveryClient-CacheRefreshExecutor-%d] [                                                 ] com.netflix.discovery.DiscoveryClient    : Force full registry fetch : false
2026-08-23T22:55:14.126-06:00  INFO 92100 --- [order] [DiscoveryClient-CacheRefreshExecutor-%d] [                                                 ] com.netflix.discovery.DiscoveryClient    : Application is null : false
2026-08-23T22:55:14.126-06:00  INFO 92100 --- [order] [DiscoveryClient-CacheRefreshExecutor-%d] [                                                 ] com.netflix.discovery.DiscoveryClient    : Registered Applications size is zero : true
2026-08-23T22:55:14.126-06:00  INFO 92100 --- [order] [DiscoveryClient-CacheRefreshExecutor-%d] [                                                 ] com.netflix.discovery.DiscoveryClient    : Application version is -1: false
2026-08-23T22:55:14.126-06:00  INFO 92100 --- [order] [DiscoveryClient-CacheRefreshExecutor-%d] [                                                 ] com.netflix.discovery.DiscoveryClient    : Getting all instance registry info from the eureka server
2026-08-23T22:55:14.138-06:00  INFO 92100 --- [order] [DiscoveryClient-CacheRefreshExecutor-%d] [                                                 ] com.netflix.discovery.DiscoveryClient    : The response status is 200
2026-08-23T22:55:48.910-06:00  INFO 92100 --- [order] [http-nio-8083-exec-2] [6a8bced45b26bc8c0daeae6e3f1d4471-e748eadf389af7dd] o.s.c.s.binder.DefaultBinderFactory      : Creating binder: rabbit
2026-08-23T22:55:48.910-06:00  INFO 92100 --- [order] [http-nio-8083-exec-2] [6a8bced45b26bc8c0daeae6e3f1d4471-e748eadf389af7dd] o.s.c.s.binder.DefaultBinderFactory      : Constructing binder child context for rabbit
2026-08-23T22:55:49.100-06:00  INFO 92100 --- [order] [http-nio-8083-exec-2] [6a8bced45b26bc8c0daeae6e3f1d4471-e748eadf389af7dd] o.s.c.s.binder.DefaultBinderFactory      : Caching the binder: rabbit
2026-08-23T22:55:49.104-06:00  INFO 92100 --- [order] [http-nio-8083-exec-2] [6a8bced45b26bc8c0daeae6e3f1d4471-e748eadf389af7dd] o.s.a.r.c.CachingConnectionFactory       : Attempting to connect to: [localhost:5672]
2026-08-23T22:55:49.129-06:00  INFO 92100 --- [order] [http-nio-8083-exec-2] [6a8bced45b26bc8c0daeae6e3f1d4471-e748eadf389af7dd] o.s.a.r.c.CachingConnectionFactory       : Created new connection: rabbitConnectionFactory#1880dbb2:0/SimpleConnection@441d8aec [delegate=amqp://guest@127.0.0.1:5672/, localPort=42790]
2026-08-23T22:55:49.164-06:00  INFO 92100 --- [order] [http-nio-8083-exec-2] [6a8bced45b26bc8c0daeae6e3f1d4471-e748eadf389af7dd] o.s.c.s.m.DirectWithAttributesChannel    : Channel 'order.createOrder-out-0' has 1 subscriber(s).
2026-08-23T22:55:49.182-06:00 ERROR 92100 --- [order] [http-nio-8083-exec-2] [                                                 ] o.a.c.c.C.[.[.[/].[dispatcherServlet]    : Servlet.service() for servlet [dispatcherServlet] in context with path [] threw exception [Request processing failed: org.springframework.messaging.MessageHandlingException: Expression evaluation failed: order.tracking, failedMessage=GenericMessage [payload=byte[216], headers={id=aa016d33-eb61-1315-2d01-1564e42592a1, contentType=application/json, target-protocol=amqp, timestamp=1787547349175}]] with root cause

org.springframework.expression.spel.SpelEvaluationException: EL1008E: Property or field 'order' cannot be found on object of type 'org.springframework.messaging.support.GenericMessage' - maybe not public or not valid?
	at org.springframework.expression.spel.ast.PropertyOrFieldReference.readProperty(PropertyOrFieldReference.java:229) ~[spring-expression-6.2.3.jar:6.2.3]
	at org.springframework.expression.spel.ast.PropertyOrFieldReference.getValueInternal(PropertyOrFieldReference.java:112) ~[spring-expression-6.2.3.jar:6.2.3]
	at org.springframework.expression.spel.ast.PropertyOrFieldReference.getValueInternal(PropertyOrFieldReference.java:100) ~[spring-expression-6.2.3.jar:6.2.3]
	at org.springframework.expression.spel.ast.CompoundExpression.getValueRef(CompoundExpression.java:60) ~[spring-expression-6.2.3.jar:6.2.3]
	at org.springframework.expression.spel.ast.CompoundExpression.getValueInternal(CompoundExpression.java:96) ~[spring-expression-6.2.3.jar:6.2.3]
	at org.springframework.expression.spel.ast.SpelNodeImpl.getTypedValue(SpelNodeImpl.java:121) ~[spring-expression-6.2.3.jar:6.2.3]
	at org.springframework.expression.spel.standard.SpelExpression.getValue(SpelExpression.java:376) ~[spring-expression-6.2.3.jar:6.2.3]
	at org.springframework.integration.util.AbstractExpressionEvaluator.evaluateExpression(AbstractExpressionEvaluator.java:190) ~[spring-integration-core-6.4.2.jar:6.4.2]
	at org.springframework.integration.util.AbstractExpressionEvaluator.evaluateExpression(AbstractExpressionEvaluator.java:148) ~[spring-integration-core-6.4.2.jar:6.4.2]
	at org.springframework.integration.handler.ExpressionEvaluatingMessageProcessor.processMessage(ExpressionEvaluatingMessageProcessor.java:108) ~[spring-integration-core-6.4.2.jar:6.4.2]
	at org.springframework.integration.amqp.outbound.AbstractAmqpOutboundEndpoint.generateRoutingKey(AbstractAmqpOutboundEndpoint.java:619) ~[spring-integration-amqp-6.4.2.jar:6.4.2]
	at org.springframework.integration.amqp.outbound.AmqpOutboundEndpoint.handleRequestMessage(AmqpOutboundEndpoint.java:172) ~[spring-integration-amqp-6.4.2.jar:6.4.2]
	at org.springframework.integration.handler.AbstractReplyProducingMessageHandler.handleMessageInternal(AbstractReplyProducingMessageHandler.java:146) ~[spring-integration-core-6.4.2.jar:6.4.2]
	at org.springframework.integration.handler.AbstractMessageHandler.doHandleMessage(AbstractMessageHandler.java:105) ~[spring-integration-core-6.4.2.jar:6.4.2]
	at org.springframework.integration.handler.AbstractMessageHandler.handleMessage(AbstractMessageHandler.java:73) ~[spring-integration-core-6.4.2.jar:6.4.2]
	at org.springframework.cloud.stream.binder.AbstractMessageChannelBinder$SendingHandler.handleMessageInternal(AbstractMessageChannelBinder.java:1206) ~[spring-cloud-stream-4.2.0.jar:4.2.0]
	at org.springframework.integration.handler.AbstractMessageHandler.doHandleMessage(AbstractMessageHandler.java:105) ~[spring-integration-core-6.4.2.jar:6.4.2]
	at org.springframework.integration.handler.AbstractMessageHandler.handleMessage(AbstractMessageHandler.java:73) ~[spring-integration-core-6.4.2.jar:6.4.2]
	at org.springframework.integration.dispatcher.AbstractDispatcher.tryOptimizedDispatch(AbstractDispatcher.java:132) ~[spring-integration-core-6.4.2.jar:6.4.2]
	at org.springframework.integration.dispatcher.UnicastingDispatcher.doDispatch(UnicastingDispatcher.java:148) ~[spring-integration-core-6.4.2.jar:6.4.2]
	at org.springframework.integration.dispatcher.UnicastingDispatcher.dispatch(UnicastingDispatcher.java:121) ~[spring-integration-core-6.4.2.jar:6.4.2]
	at org.springframework.integration.channel.AbstractSubscribableChannel.doSend(AbstractSubscribableChannel.java:72) ~[spring-integration-core-6.4.2.jar:6.4.2]
	at org.springframework.integration.channel.AbstractMessageChannel.sendInternal(AbstractMessageChannel.java:390) ~[spring-integration-core-6.4.2.jar:6.4.2]
	at org.springframework.integration.channel.AbstractMessageChannel.send(AbstractMessageChannel.java:334) ~[spring-integration-core-6.4.2.jar:6.4.2]
	at org.springframework.integration.channel.AbstractMessageChannel.send(AbstractMessageChannel.java:304) ~[spring-integration-core-6.4.2.jar:6.4.2]
	at org.springframework.cloud.stream.function.StreamBridge.send(StreamBridge.java:231) ~[spring-cloud-stream-4.2.0.jar:4.2.0]
	at org.springframework.cloud.stream.function.StreamBridge.send(StreamBridge.java:171) ~[spring-cloud-stream-4.2.0.jar:4.2.0]
	at org.springframework.cloud.stream.function.StreamBridge.send(StreamBridge.java:166) ~[spring-cloud-stream-4.2.0.jar:4.2.0]
	at com.indi.order.model.service.OrderService.createOrder(OrderService.java:77) ~[classes/:na]
	at java.base/jdk.internal.reflect.DirectMethodHandleAccessor.invoke(Unknown Source) ~[na:na]
	at java.base/java.lang.reflect.Method.invoke(Unknown Source) ~[na:na]
	at org.springframework.aop.support.AopUtils.invokeJoinpointUsingReflection(AopUtils.java:359) ~[spring-aop-6.2.3.jar:6.2.3]
	at org.springframework.aop.framework.ReflectiveMethodInvocation.invokeJoinpoint(ReflectiveMethodInvocation.java:196) ~[spring-aop-6.2.3.jar:6.2.3]
	at org.springframework.aop.framework.ReflectiveMethodInvocation.proceed(ReflectiveMethodInvocation.java:163) ~[spring-aop-6.2.3.jar:6.2.3]
	at org.springframework.transaction.interceptor.TransactionAspectSupport.invokeWithinTransaction(TransactionAspectSupport.java:380) ~[spring-tx-6.2.3.jar:6.2.3]
	at org.springframework.transaction.interceptor.TransactionInterceptor.invoke(TransactionInterceptor.java:119) ~[spring-tx-6.2.3.jar:6.2.3]
	at org.springframework.aop.framework.ReflectiveMethodInvocation.proceed(ReflectiveMethodInvocation.java:184) ~[spring-aop-6.2.3.jar:6.2.3]
	at org.springframework.aop.framework.CglibAopProxy$DynamicAdvisedInterceptor.intercept(CglibAopProxy.java:727) ~[spring-aop-6.2.3.jar:6.2.3]
	at com.indi.order.model.service.OrderService$$SpringCGLIB$$0.createOrder(<generated>) ~[classes/:na]
	at com.indi.order.controller.OrderController.createOrder(OrderController.java:25) ~[classes/:na]
	at java.base/jdk.internal.reflect.DirectMethodHandleAccessor.invoke(Unknown Source) ~[na:na]
	at java.base/java.lang.reflect.Method.invoke(Unknown Source) ~[na:na]
	at org.springframework.web.method.support.InvocableHandlerMethod.doInvoke(InvocableHandlerMethod.java:257) ~[spring-web-6.2.3.jar:6.2.3]
	at org.springframework.web.method.support.InvocableHandlerMethod.invokeForRequest(InvocableHandlerMethod.java:190) ~[spring-web-6.2.3.jar:6.2.3]
	at org.springframework.web.servlet.mvc.method.annotation.ServletInvocableHandlerMethod.invokeAndHandle(ServletInvocableHandlerMethod.java:118) ~[spring-webmvc-6.2.3.jar:6.2.3]
	at org.springframework.web.servlet.mvc.method.annotation.RequestMappingHandlerAdapter.invokeHandlerMethod(RequestMappingHandlerAdapter.java:986) ~[spring-webmvc-6.2.3.jar:6.2.3]
	at org.springframework.web.servlet.mvc.method.annotation.RequestMappingHandlerAdapter.handleInternal(RequestMappingHandlerAdapter.java:891) ~[spring-webmvc-6.2.3.jar:6.2.3]
	at org.springframework.web.servlet.mvc.method.AbstractHandlerMethodAdapter.handle(AbstractHandlerMethodAdapter.java:87) ~[spring-webmvc-6.2.3.jar:6.2.3]
	at org.springframework.web.servlet.DispatcherServlet.doDispatch(DispatcherServlet.java:1088) ~[spring-webmvc-6.2.3.jar:6.2.3]
	at org.springframework.web.servlet.DispatcherServlet.doService(DispatcherServlet.java:978) ~[spring-webmvc-6.2.3.jar:6.2.3]
	at org.springframework.web.servlet.FrameworkServlet.processRequest(FrameworkServlet.java:1014) ~[spring-webmvc-6.2.3.jar:6.2.3]
	at org.springframework.web.servlet.FrameworkServlet.doPost(FrameworkServlet.java:914) ~[spring-webmvc-6.2.3.jar:6.2.3]
	at jakarta.servlet.http.HttpServlet.service(HttpServlet.java:590) ~[tomcat-embed-core-10.1.36.jar:6.0]
	at org.springframework.web.servlet.FrameworkServlet.service(FrameworkServlet.java:885) ~[spring-webmvc-6.2.3.jar:6.2.3]
	at jakarta.servlet.http.HttpServlet.service(HttpServlet.java:658) ~[tomcat-embed-core-10.1.36.jar:6.0]
	at org.apache.catalina.core.ApplicationFilterChain.internalDoFilter(ApplicationFilterChain.java:195) ~[tomcat-embed-core-10.1.36.jar:10.1.36]
	at org.apache.catalina.core.ApplicationFilterChain.doFilter(ApplicationFilterChain.java:140) ~[tomcat-embed-core-10.1.36.jar:10.1.36]
	at org.apache.tomcat.websocket.server.WsFilter.doFilter(WsFilter.java:51) ~[tomcat-embed-websocket-10.1.36.jar:10.1.36]
	at org.apache.catalina.core.ApplicationFilterChain.internalDoFilter(ApplicationFilterChain.java:164) ~[tomcat-embed-core-10.1.36.jar:10.1.36]
	at org.apache.catalina.core.ApplicationFilterChain.doFilter(ApplicationFilterChain.java:140) ~[tomcat-embed-core-10.1.36.jar:10.1.36]
	at org.springframework.web.filter.RequestContextFilter.doFilterInternal(RequestContextFilter.java:100) ~[spring-web-6.2.3.jar:6.2.3]
	at org.springframework.web.filter.OncePerRequestFilter.doFilter(OncePerRequestFilter.java:116) ~[spring-web-6.2.3.jar:6.2.3]
	at org.apache.catalina.core.ApplicationFilterChain.internalDoFilter(ApplicationFilterChain.java:164) ~[tomcat-embed-core-10.1.36.jar:10.1.36]
	at org.apache.catalina.core.ApplicationFilterChain.doFilter(ApplicationFilterChain.java:140) ~[tomcat-embed-core-10.1.36.jar:10.1.36]
	at org.springframework.web.filter.FormContentFilter.doFilterInternal(FormContentFilter.java:93) ~[spring-web-6.2.3.jar:6.2.3]
	at org.springframework.web.filter.OncePerRequestFilter.doFilter(OncePerRequestFilter.java:116) ~[spring-web-6.2.3.jar:6.2.3]
	at org.apache.catalina.core.ApplicationFilterChain.internalDoFilter(ApplicationFilterChain.java:164) ~[tomcat-embed-core-10.1.36.jar:10.1.36]
	at org.apache.catalina.core.ApplicationFilterChain.doFilter(ApplicationFilterChain.java:140) ~[tomcat-embed-core-10.1.36.jar:10.1.36]
	at org.springframework.web.filter.ServerHttpObservationFilter.doFilterInternal(ServerHttpObservationFilter.java:114) ~[spring-web-6.2.3.jar:6.2.3]
	at org.springframework.web.filter.OncePerRequestFilter.doFilter(OncePerRequestFilter.java:116) ~[spring-web-6.2.3.jar:6.2.3]
	at org.apache.catalina.core.ApplicationFilterChain.internalDoFilter(ApplicationFilterChain.java:164) ~[tomcat-embed-core-10.1.36.jar:10.1.36]
	at org.apache.catalina.core.ApplicationFilterChain.doFilter(ApplicationFilterChain.java:140) ~[tomcat-embed-core-10.1.36.jar:10.1.36]
	at org.springframework.web.filter.CharacterEncodingFilter.doFilterInternal(CharacterEncodingFilter.java:201) ~[spring-web-6.2.3.jar:6.2.3]
	at org.springframework.web.filter.OncePerRequestFilter.doFilter(OncePerRequestFilter.java:116) ~[spring-web-6.2.3.jar:6.2.3]
	at org.apache.catalina.core.ApplicationFilterChain.internalDoFilter(ApplicationFilterChain.java:164) ~[tomcat-embed-core-10.1.36.jar:10.1.36]
	at org.apache.catalina.core.ApplicationFilterChain.doFilter(ApplicationFilterChain.java:140) ~[tomcat-embed-core-10.1.36.jar:10.1.36]
	at org.apache.catalina.core.StandardWrapperValve.invoke(StandardWrapperValve.java:167) ~[tomcat-embed-core-10.1.36.jar:10.1.36]
	at org.apache.catalina.core.StandardContextValve.invoke(StandardContextValve.java:90) ~[tomcat-embed-core-10.1.36.jar:10.1.36]
	at org.apache.catalina.authenticator.AuthenticatorBase.invoke(AuthenticatorBase.java:483) ~[tomcat-embed-core-10.1.36.jar:10.1.36]
	at org.apache.catalina.core.StandardHostValve.invoke(StandardHostValve.java:115) ~[tomcat-embed-core-10.1.36.jar:10.1.36]
	at org.apache.catalina.valves.ErrorReportValve.invoke(ErrorReportValve.java:93) ~[tomcat-embed-core-10.1.36.jar:10.1.36]
	at org.apache.catalina.core.StandardEngineValve.invoke(StandardEngineValve.java:74) ~[tomcat-embed-core-10.1.36.jar:10.1.36]
	at org.apache.catalina.connector.CoyoteAdapter.service(CoyoteAdapter.java:344) ~[tomcat-embed-core-10.1.36.jar:10.1.36]
	at org.apache.coyote.http11.Http11Processor.service(Http11Processor.java:397) ~[tomcat-embed-core-10.1.36.jar:10.1.36]
	at org.apache.coyote.AbstractProcessorLight.process(AbstractProcessorLight.java:63) ~[tomcat-embed-core-10.1.36.jar:10.1.36]
	at org.apache.coyote.AbstractProtocol$ConnectionHandler.process(AbstractProtocol.java:905) ~[tomcat-embed-core-10.1.36.jar:10.1.36]
	at org.apache.tomcat.util.net.NioEndpoint$SocketProcessor.doRun(NioEndpoint.java:1743) ~[tomcat-embed-core-10.1.36.jar:10.1.36]
	at org.apache.tomcat.util.net.SocketProcessorBase.run(SocketProcessorBase.java:52) ~[tomcat-embed-core-10.1.36.jar:10.1.36]
	at org.apache.tomcat.util.threads.ThreadPoolExecutor.runWorker(ThreadPoolExecutor.java:1190) ~[tomcat-embed-core-10.1.36.jar:10.1.36]
	at org.apache.tomcat.util.threads.ThreadPoolExecutor$Worker.run(ThreadPoolExecutor.java:659) ~[tomcat-embed-core-10.1.36.jar:10.1.36]
	at org.apache.tomcat.util.threads.TaskThread$WrappingRunnable.run(TaskThread.java:63) ~[tomcat-embed-core-10.1.36.jar:10.1.36]
	at java.base/java.lang.Thread.run(Unknown Source) ~[na:na]

2026-08-23T22:57:57.085-06:00  INFO 92100 --- [order] [SpringApplicationShutdownHook] [                                                 ] o.s.c.n.e.s.EurekaServiceRegistry        : Unregistering application ORDER with eureka with status DOWN
2026-08-23T22:57:57.085-06:00  INFO 92100 --- [order] [SpringApplicationShutdownHook] [                                                 ] com.netflix.discovery.DiscoveryClient    : Saw local status change event StatusChangeEvent [timestamp=1787547477085, current=DOWN, previous=UP]
2026-08-23T22:57:57.085-06:00  INFO 92100 --- [order] [DiscoveryClient-InstanceInfoReplicator-%d] [                                                 ] com.netflix.discovery.DiscoveryClient    : DiscoveryClient_ORDER/fedora:order:8083: registering service...
2026-08-23T22:57:57.087-06:00  INFO 92100 --- [order] [SpringApplicationShutdownHook] [                                                 ] o.s.b.w.e.tomcat.GracefulShutdown        : Commencing graceful shutdown. Waiting for active requests to complete
2026-08-23T22:57:57.089-06:00  INFO 92100 --- [order] [tomcat-shutdown] [                                                 ] o.s.b.w.e.tomcat.GracefulShutdown        : Graceful shutdown complete
2026-08-23T22:57:57.092-06:00  INFO 92100 --- [order] [DiscoveryClient-InstanceInfoReplicator-%d] [                                                 ] com.netflix.discovery.DiscoveryClient    : DiscoveryClient_ORDER/fedora:order:8083 - registration status: 204
2026-08-23T22:57:59.119-06:00  INFO 92100 --- [order] [SpringApplicationShutdownHook] [                                                 ] o.s.i.endpoint.EventDrivenConsumer       : Removing {logging-channel-adapter:_org.springframework.integration.errorLogger} as a subscriber to the 'errorChannel' channel
2026-08-23T22:57:59.120-06:00  INFO 92100 --- [order] [SpringApplicationShutdownHook] [                                                 ] o.s.i.channel.PublishSubscribeChannel    : Channel 'order.errorChannel' has 0 subscriber(s).
2026-08-23T22:57:59.120-06:00  INFO 92100 --- [order] [SpringApplicationShutdownHook] [                                                 ] o.s.i.endpoint.EventDrivenConsumer       : stopped bean '_org.springframework.integration.errorLogger'
2026-08-23T22:57:59.136-06:00  INFO 92100 --- [order] [SpringApplicationShutdownHook] [                                                 ] j.LocalContainerEntityManagerFactoryBean : Closing JPA EntityManagerFactory for persistence unit 'default'
2026-08-23T22:57:59.148-06:00  INFO 92100 --- [order] [SpringApplicationShutdownHook] [                                                 ] com.zaxxer.hikari.HikariDataSource       : HikariPool-1 - Shutdown initiated...
2026-08-23T22:57:59.150-06:00  INFO 92100 --- [order] [SpringApplicationShutdownHook] [                                                 ] com.zaxxer.hikari.HikariDataSource       : HikariPool-1 - Shutdown completed.
2026-08-23T22:57:59.635-06:00  INFO 92100 --- [order] [SpringApplicationShutdownHook] [                                                 ] com.netflix.discovery.DiscoveryClient    : Shutting down DiscoveryClient ...
2026-08-23T22:58:02.636-06:00  INFO 92100 --- [order] [SpringApplicationShutdownHook] [                                                 ] com.netflix.discovery.DiscoveryClient    : Unregistering ...
2026-08-23T22:58:02.655-06:00  INFO 92100 --- [order] [SpringApplicationShutdownHook] [                                                 ] com.netflix.discovery.DiscoveryClient    : DiscoveryClient_ORDER/fedora:order:8083 - deregister  status: 200
2026-08-23T22:58:02.656-06:00  INFO 92100 --- [order] [SpringApplicationShutdownHook] [                                                 ] com.netflix.discovery.DiscoveryClient    : Completed shut down of DiscoveryClient
2026-08-23T22:58:09.293-06:00  INFO 95412 --- [order] [main] [                                                 ] com.indi.order.OrderApplication          : Starting OrderApplication using Java 21.0.11 with PID 95412 (/home/boo/Documentos/a1_studio/a0_indi_microservices_spring/java-spring-microservices-masterclass/B7_secc_22_ecomm-spring-cloud-stream/order/target/classes started by boo in /home/boo/Documentos/a1_studio/a0_indi_microservices_spring/java-spring-microservices-masterclass/B7_secc_22_ecomm-spring-cloud-stream/order)
2026-08-23T22:58:09.295-06:00  INFO 95412 --- [order] [main] [                                                 ] com.indi.order.OrderApplication          : No active profile set, falling back to 1 default profile: "default"
2026-08-23T22:58:09.321-06:00  INFO 95412 --- [order] [main] [                                                 ] o.s.c.c.c.ConfigServerConfigDataLoader   : Fetching config from server at : http://localhost:8888
2026-08-23T22:58:09.321-06:00  INFO 95412 --- [order] [main] [                                                 ] o.s.c.c.c.ConfigServerConfigDataLoader   : Located environment: name=order, profiles=[default], label=null, version=null, state=null
2026-08-23T22:58:10.183-06:00  INFO 95412 --- [order] [main] [                                                 ] .s.d.r.c.RepositoryConfigurationDelegate : Bootstrapping Spring Data JPA repositories in DEFAULT mode.
2026-08-23T22:58:10.284-06:00  INFO 95412 --- [order] [main] [                                                 ] .s.d.r.c.RepositoryConfigurationDelegate : Finished Spring Data repository scanning in 92 ms. Found 2 JPA repository interfaces.
2026-08-23T22:58:10.412-06:00  INFO 95412 --- [order] [main] [                                                 ] faultConfiguringBeanFactoryPostProcessor : No bean named 'errorChannel' has been explicitly defined. Therefore, a default PublishSubscribeChannel will be created.
2026-08-23T22:58:10.416-06:00  INFO 95412 --- [order] [main] [                                                 ] faultConfiguringBeanFactoryPostProcessor : No bean named 'integrationHeaderChannelRegistry' has been explicitly defined. Therefore, a default DefaultHeaderChannelRegistry will be created.
2026-08-23T22:58:10.562-06:00  INFO 95412 --- [order] [main] [                                                 ] o.s.cloud.context.scope.GenericScope     : BeanFactory id=2e8f5ed3-e10f-3c83-9523-8ec0983d4fd8
2026-08-23T22:58:10.817-06:00  WARN 95412 --- [order] [main] [                                                 ] trationDelegate$BeanPostProcessorChecker : Bean 'org.springframework.boot.autoconfigure.integration.IntegrationAutoConfiguration$IntegrationJmxConfiguration' of type [org.springframework.boot.autoconfigure.integration.IntegrationAutoConfiguration$IntegrationJmxConfiguration] is not eligible for getting processed by all BeanPostProcessors (for example: not eligible for auto-proxying). The currently created BeanPostProcessor [integrationMbeanExporter] is declared through a non-static factory method on that class; consider declaring it as static instead.
2026-08-23T22:58:10.827-06:00  WARN 95412 --- [order] [main] [                                                 ] trationDelegate$BeanPostProcessorChecker : Bean 'org.springframework.cloud.stream.config.BindersHealthIndicatorAutoConfiguration' of type [org.springframework.cloud.stream.config.BindersHealthIndicatorAutoConfiguration] is not eligible for getting processed by all BeanPostProcessors (for example: not eligible for auto-proxying). Is this bean getting eagerly injected/applied to a currently created BeanPostProcessor [integrationMbeanExporter]? Check the corresponding BeanPostProcessor declaration and its dependencies/advisors. If this bean does not have to be post-processed, declare it with ROLE_INFRASTRUCTURE.
2026-08-23T22:58:10.830-06:00  WARN 95412 --- [order] [main] [                                                 ] trationDelegate$BeanPostProcessorChecker : Bean 'bindersHealthContributor' of type [org.springframework.cloud.stream.config.BindersHealthIndicatorAutoConfiguration$BindersHealthContributor] is not eligible for getting processed by all BeanPostProcessors (for example: not eligible for auto-proxying). Is this bean getting eagerly injected/applied to a currently created BeanPostProcessor [integrationMbeanExporter]? Check the corresponding BeanPostProcessor declaration and its dependencies/advisors. If this bean does not have to be post-processed, declare it with ROLE_INFRASTRUCTURE.
2026-08-23T22:58:10.837-06:00  WARN 95412 --- [order] [main] [                                                 ] trationDelegate$BeanPostProcessorChecker : Bean 'bindersHealthIndicatorListener' of type [org.springframework.cloud.stream.config.BindersHealthIndicatorAutoConfiguration$BindersHealthIndicatorListener] is not eligible for getting processed by all BeanPostProcessors (for example: not eligible for auto-proxying). Is this bean getting eagerly injected/applied to a currently created BeanPostProcessor [integrationMbeanExporter]? Check the corresponding BeanPostProcessor declaration and its dependencies/advisors. If this bean does not have to be post-processed, declare it with ROLE_INFRASTRUCTURE.
2026-08-23T22:58:10.847-06:00  WARN 95412 --- [order] [main] [                                                 ] trationDelegate$BeanPostProcessorChecker : Bean 'org.springframework.cloud.stream.binder.rabbit.config.ExtendedBindingHandlerMappingsProviderConfiguration' of type [org.springframework.cloud.stream.binder.rabbit.config.ExtendedBindingHandlerMappingsProviderConfiguration] is not eligible for getting processed by all BeanPostProcessors (for example: not eligible for auto-proxying). Is this bean getting eagerly injected/applied to a currently created BeanPostProcessor [integrationMbeanExporter]? Check the corresponding BeanPostProcessor declaration and its dependencies/advisors. If this bean does not have to be post-processed, declare it with ROLE_INFRASTRUCTURE.
2026-08-23T22:58:10.851-06:00  WARN 95412 --- [order] [main] [                                                 ] trationDelegate$BeanPostProcessorChecker : Bean 'rabbitExtendedPropertiesDefaultMappingsProvider' of type [org.springframework.cloud.stream.binder.rabbit.config.ExtendedBindingHandlerMappingsProviderConfiguration$$Lambda/0x00007fe67063ce40] is not eligible for getting processed by all BeanPostProcessors (for example: not eligible for auto-proxying). Is this bean getting eagerly injected/applied to a currently created BeanPostProcessor [integrationMbeanExporter]? Check the corresponding BeanPostProcessor declaration and its dependencies/advisors. If this bean does not have to be post-processed, declare it with ROLE_INFRASTRUCTURE.
2026-08-23T22:58:10.858-06:00  WARN 95412 --- [order] [main] [                                                 ] trationDelegate$BeanPostProcessorChecker : Bean 'BindingHandlerAdvise' of type [org.springframework.cloud.stream.config.BindingHandlerAdvise] is not eligible for getting processed by all BeanPostProcessors (for example: not eligible for auto-proxying). Is this bean getting eagerly injected/applied to a currently created BeanPostProcessor [integrationMbeanExporter]? Check the corresponding BeanPostProcessor declaration and its dependencies/advisors. If this bean does not have to be post-processed, declare it with ROLE_INFRASTRUCTURE.
2026-08-23T22:58:10.861-06:00  WARN 95412 --- [order] [main] [                                                 ] trationDelegate$BeanPostProcessorChecker : Bean 'org.springframework.cloud.commons.config.CommonsConfigAutoConfiguration' of type [org.springframework.cloud.commons.config.CommonsConfigAutoConfiguration] is not eligible for getting processed by all BeanPostProcessors (for example: not eligible for auto-proxying). Is this bean getting eagerly injected/applied to a currently created BeanPostProcessor [integrationMbeanExporter]? Check the corresponding BeanPostProcessor declaration and its dependencies/advisors. If this bean does not have to be post-processed, declare it with ROLE_INFRASTRUCTURE.
2026-08-23T22:58:10.866-06:00  WARN 95412 --- [order] [main] [                                                 ] trationDelegate$BeanPostProcessorChecker : Bean 'org.springframework.cloud.client.loadbalancer.LoadBalancerDefaultMappingsProviderAutoConfiguration' of type [org.springframework.cloud.client.loadbalancer.LoadBalancerDefaultMappingsProviderAutoConfiguration] is not eligible for getting processed by all BeanPostProcessors (for example: not eligible for auto-proxying). Is this bean getting eagerly injected/applied to a currently created BeanPostProcessor [integrationMbeanExporter]? Check the corresponding BeanPostProcessor declaration and its dependencies/advisors. If this bean does not have to be post-processed, declare it with ROLE_INFRASTRUCTURE.
2026-08-23T22:58:10.870-06:00  WARN 95412 --- [order] [main] [                                                 ] trationDelegate$BeanPostProcessorChecker : Bean 'loadBalancerClientsDefaultsMappingsProvider' of type [org.springframework.cloud.client.loadbalancer.LoadBalancerDefaultMappingsProviderAutoConfiguration$$Lambda/0x00007fe67063d060] is not eligible for getting processed by all BeanPostProcessors (for example: not eligible for auto-proxying). Is this bean getting eagerly injected/applied to a currently created BeanPostProcessor [integrationMbeanExporter]? Check the corresponding BeanPostProcessor declaration and its dependencies/advisors. If this bean does not have to be post-processed, declare it with ROLE_INFRASTRUCTURE.
2026-08-23T22:58:10.874-06:00  WARN 95412 --- [order] [main] [                                                 ] trationDelegate$BeanPostProcessorChecker : Bean 'defaultsBindHandlerAdvisor' of type [org.springframework.cloud.commons.config.DefaultsBindHandlerAdvisor] is not eligible for getting processed by all BeanPostProcessors (for example: not eligible for auto-proxying). Is this bean getting eagerly injected/applied to a currently created BeanPostProcessor [integrationMbeanExporter]? Check the corresponding BeanPostProcessor declaration and its dependencies/advisors. If this bean does not have to be post-processed, declare it with ROLE_INFRASTRUCTURE.
2026-08-23T22:58:10.894-06:00  WARN 95412 --- [order] [main] [                                                 ] trationDelegate$BeanPostProcessorChecker : Bean 'spelConverter' of type [org.springframework.cloud.stream.config.SpelExpressionConverterConfiguration$SpelConverter] is not eligible for getting processed by all BeanPostProcessors (for example: not eligible for auto-proxying). Is this bean getting eagerly injected/applied to a currently created BeanPostProcessor [integrationMbeanExporter]? Check the corresponding BeanPostProcessor declaration and its dependencies/advisors. If this bean does not have to be post-processed, declare it with ROLE_INFRASTRUCTURE.
2026-08-23T22:58:10.901-06:00  WARN 95412 --- [order] [main] [                                                 ] trationDelegate$BeanPostProcessorChecker : Bean 'spring.jmx-org.springframework.boot.autoconfigure.jmx.JmxProperties' of type [org.springframework.boot.autoconfigure.jmx.JmxProperties] is not eligible for getting processed by all BeanPostProcessors (for example: not eligible for auto-proxying). Is this bean getting eagerly injected/applied to a currently created BeanPostProcessor [integrationMbeanExporter]? Check the corresponding BeanPostProcessor declaration and its dependencies/advisors. If this bean does not have to be post-processed, declare it with ROLE_INFRASTRUCTURE.
2026-08-23T22:58:10.910-06:00  WARN 95412 --- [order] [main] [                                                 ] trationDelegate$BeanPostProcessorChecker : Bean 'org.springframework.boot.autoconfigure.jmx.JmxAutoConfiguration' of type [org.springframework.boot.autoconfigure.jmx.JmxAutoConfiguration] is not eligible for getting processed by all BeanPostProcessors (for example: not eligible for auto-proxying). Is this bean getting eagerly injected/applied to a currently created BeanPostProcessor [integrationMbeanExporter]? Check the corresponding BeanPostProcessor declaration and its dependencies/advisors. If this bean does not have to be post-processed, declare it with ROLE_INFRASTRUCTURE.
2026-08-23T22:58:10.914-06:00  WARN 95412 --- [order] [main] [                                                 ] trationDelegate$BeanPostProcessorChecker : Bean 'mbeanServer' of type [com.sun.jmx.mbeanserver.JmxMBeanServer] is not eligible for getting processed by all BeanPostProcessors (for example: not eligible for auto-proxying). Is this bean getting eagerly injected/applied to a currently created BeanPostProcessor [integrationMbeanExporter]? Check the corresponding BeanPostProcessor declaration and its dependencies/advisors. If this bean does not have to be post-processed, declare it with ROLE_INFRASTRUCTURE.
2026-08-23T22:58:11.209-06:00  INFO 95412 --- [order] [main] [                                                 ] o.s.b.w.embedded.tomcat.TomcatWebServer  : Tomcat initialized with port 8083 (http)
2026-08-23T22:58:11.219-06:00  INFO 95412 --- [order] [main] [                                                 ] o.apache.catalina.core.StandardService   : Starting service [Tomcat]
2026-08-23T22:58:11.220-06:00  INFO 95412 --- [order] [main] [                                                 ] o.apache.catalina.core.StandardEngine    : Starting Servlet engine: [Apache Tomcat/10.1.36]
2026-08-23T22:58:11.257-06:00  INFO 95412 --- [order] [main] [                                                 ] o.a.c.c.C.[Tomcat].[localhost].[/]       : Initializing Spring embedded WebApplicationContext
2026-08-23T22:58:11.257-06:00  INFO 95412 --- [order] [main] [                                                 ] w.s.c.ServletWebServerApplicationContext : Root WebApplicationContext: initialization completed in 1935 ms
2026-08-23T22:58:11.876-06:00  INFO 95412 --- [order] [main] [                                                 ] o.hibernate.jpa.internal.util.LogHelper  : HHH000204: Processing PersistenceUnitInfo [name: default]
2026-08-23T22:58:11.905-06:00  INFO 95412 --- [order] [main] [                                                 ] org.hibernate.Version                    : HHH000412: Hibernate ORM core version 6.6.8.Final
2026-08-23T22:58:11.928-06:00  INFO 95412 --- [order] [main] [                                                 ] o.h.c.internal.RegionFactoryInitiator    : HHH000026: Second-level cache disabled
2026-08-23T22:58:12.089-06:00  INFO 95412 --- [order] [main] [                                                 ] o.s.o.j.p.SpringPersistenceUnitInfo      : No LoadTimeWeaver setup: ignoring JPA class transformer
2026-08-23T22:58:12.107-06:00  INFO 95412 --- [order] [main] [                                                 ] com.zaxxer.hikari.HikariDataSource       : HikariPool-1 - Starting...
2026-08-23T22:58:12.226-06:00  INFO 95412 --- [order] [main] [                                                 ] com.zaxxer.hikari.pool.HikariPool        : HikariPool-1 - Added connection org.postgresql.jdbc.PgConnection@5d267575
2026-08-23T22:58:12.228-06:00  INFO 95412 --- [order] [main] [                                                 ] com.zaxxer.hikari.HikariDataSource       : HikariPool-1 - Start completed.
2026-08-23T22:58:12.249-06:00  WARN 95412 --- [order] [main] [                                                 ] org.hibernate.orm.deprecation            : HHH90000025: PostgreSQLDialect does not need to be specified explicitly using 'hibernate.dialect' (remove the property setting and it will be selected by default)
2026-08-23T22:58:12.262-06:00  INFO 95412 --- [order] [main] [                                                 ] org.hibernate.orm.connections.pooling    : HHH10001005: Database info:
	Database JDBC URL [Connecting through datasource 'HikariDataSource (HikariPool-1)']
	Database driver: undefined/unknown
	Database version: 14.23
	Autocommit mode: undefined/unknown
	Isolation level: undefined/unknown
	Minimum pool size: undefined/unknown
	Maximum pool size: undefined/unknown
2026-08-23T22:58:12.869-06:00  INFO 95412 --- [order] [main] [                                                 ] o.h.e.t.j.p.i.JtaPlatformInitiator       : HHH000489: No JTA platform available (set 'hibernate.transaction.jta.platform' to enable JTA platform integration)
2026-08-23T22:58:12.991-06:00  INFO 95412 --- [order] [main] [                                                 ] j.LocalContainerEntityManagerFactoryBean : Initialized JPA EntityManagerFactory for persistence unit 'default'
2026-08-23T22:58:13.960-06:00  WARN 95412 --- [order] [main] [                                                 ] JpaBaseConfiguration$JpaWebConfiguration : spring.jpa.open-in-view is enabled by default. Therefore, database queries may be performed during view rendering. Explicitly configure spring.jpa.open-in-view to disable this warning
2026-08-23T22:58:15.046-06:00  INFO 95412 --- [order] [RMI TCP Connection(1)-127.0.0.1] [                                                 ] o.a.c.c.C.[Tomcat].[localhost].[/]       : Initializing Spring DispatcherServlet 'dispatcherServlet'
2026-08-23T22:58:15.047-06:00  INFO 95412 --- [order] [RMI TCP Connection(1)-127.0.0.1] [                                                 ] o.s.web.servlet.DispatcherServlet        : Initializing Servlet 'dispatcherServlet'
2026-08-23T22:58:15.047-06:00  INFO 95412 --- [order] [RMI TCP Connection(1)-127.0.0.1] [                                                 ] o.s.b.f.s.DefaultListableBeanFactory     : Creating singleton bean 'multipartResolver' in thread "RMI TCP Connection(1)-127.0.0.1" while other thread holds singleton lock for other beans [transactionTemplate]
2026-08-23T22:58:15.049-06:00  INFO 95412 --- [order] [RMI TCP Connection(1)-127.0.0.1] [                                                 ] o.s.b.f.s.DefaultListableBeanFactory     : Creating singleton bean 'webEndpointServletHandlerMapping' in thread "RMI TCP Connection(1)-127.0.0.1" while other thread holds singleton lock for other beans [org.springframework.boot.autoconfigure.transaction.TransactionAutoConfiguration]
2026-08-23T22:58:15.050-06:00  INFO 95412 --- [order] [RMI TCP Connection(1)-127.0.0.1] [                                                 ] o.s.b.f.s.DefaultListableBeanFactory     : Creating singleton bean 'org.springframework.boot.actuate.autoconfigure.endpoint.web.servlet.WebMvcEndpointManagementContextConfiguration' in thread "RMI TCP Connection(1)-127.0.0.1" while other thread holds singleton lock for other beans [org.springframework.boot.autoconfigure.transaction.TransactionAutoConfiguration, webEndpointServletHandlerMapping]
2026-08-23T22:58:15.052-06:00  INFO 95412 --- [order] [RMI TCP Connection(1)-127.0.0.1] [                                                 ] o.s.b.f.s.DefaultListableBeanFactory     : Creating singleton bean 'management.endpoints.web.cors-org.springframework.boot.actuate.autoconfigure.endpoint.web.CorsEndpointProperties' in thread "RMI TCP Connection(1)-127.0.0.1" while other thread holds singleton lock for other beans [integrationPauseHandler, webEndpointServletHandlerMapping]
2026-08-23T22:58:15.059-06:00  INFO 95412 --- [order] [RMI TCP Connection(1)-127.0.0.1] [                                                 ] o.s.b.a.e.web.EndpointLinksResolver      : Exposing 33 endpoints beneath base path '/actuator'
2026-08-23T22:58:15.079-06:00  INFO 95412 --- [order] [RMI TCP Connection(1)-127.0.0.1] [                                                 ] o.s.b.f.s.DefaultListableBeanFactory     : Creating singleton bean 'controllerEndpointHandlerMapping' in thread "RMI TCP Connection(1)-127.0.0.1" while other thread holds singleton lock for other beans [org.springframework.cloud.client.serviceregistry.AutoServiceRegistrationAutoConfiguration]
2026-08-23T22:58:15.086-06:00  INFO 95412 --- [order] [RMI TCP Connection(1)-127.0.0.1] [                                                 ] o.s.web.servlet.DispatcherServlet        : Completed initialization in 39 ms
2026-08-23T22:58:15.088-06:00  INFO 95412 --- [order] [main] [                                                 ] DiscoveryClientOptionalArgsConfiguration : Eureka HTTP Client uses RestTemplate.
2026-08-23T22:58:15.177-06:00  WARN 95412 --- [order] [main] [                                                 ] iguration$LoadBalancerCaffeineWarnLogger : Spring Cloud LoadBalancer is currently working with the default cache. While this cache implementation is useful for development and tests, it's recommended to use Caffeine cache in production.You can switch to using Caffeine cache, by adding it and org.springframework.cache.caffeine.CaffeineCacheManager to the classpath.
2026-08-23T22:58:15.356-06:00  INFO 95412 --- [order] [main] [                                                 ] o.s.i.monitor.IntegrationMBeanExporter   : Registering MessageChannel errorChannel
2026-08-23T22:58:15.362-06:00  INFO 95412 --- [order] [main] [                                                 ] o.s.i.monitor.IntegrationMBeanExporter   : Registering MessageChannel nullChannel
2026-08-23T22:58:15.370-06:00  INFO 95412 --- [order] [main] [                                                 ] o.s.i.monitor.IntegrationMBeanExporter   : Registering MessageHandler _org.springframework.integration.errorLogger
2026-08-23T22:58:15.386-06:00  INFO 95412 --- [order] [main] [                                                 ] o.s.i.endpoint.EventDrivenConsumer       : Adding {logging-channel-adapter:_org.springframework.integration.errorLogger} as a subscriber to the 'errorChannel' channel
2026-08-23T22:58:15.387-06:00  INFO 95412 --- [order] [main] [                                                 ] o.s.i.channel.PublishSubscribeChannel    : Channel 'order.errorChannel' has 1 subscriber(s).
2026-08-23T22:58:15.387-06:00  INFO 95412 --- [order] [main] [                                                 ] o.s.i.endpoint.EventDrivenConsumer       : started bean '_org.springframework.integration.errorLogger'
2026-08-23T22:58:15.403-06:00  INFO 95412 --- [order] [main] [                                                 ] o.s.c.n.eureka.InstanceInfoFactory       : Setting initial instance status as: STARTING
2026-08-23T22:58:15.424-06:00  INFO 95412 --- [order] [main] [                                                 ] com.netflix.discovery.DiscoveryClient    : Initializing Eureka in region us-east-1
2026-08-23T22:58:15.427-06:00  INFO 95412 --- [order] [main] [                                                 ] c.n.d.s.r.aws.ConfigClusterResolver      : Resolving eureka endpoints via configuration
2026-08-23T22:58:15.433-06:00  INFO 95412 --- [order] [main] [                                                 ] com.netflix.discovery.DiscoveryClient    : Disable delta property : false
2026-08-23T22:58:15.433-06:00  INFO 95412 --- [order] [main] [                                                 ] com.netflix.discovery.DiscoveryClient    : Single vip registry refresh property : null
2026-08-23T22:58:15.433-06:00  INFO 95412 --- [order] [main] [                                                 ] com.netflix.discovery.DiscoveryClient    : Force full registry fetch : false
2026-08-23T22:58:15.434-06:00  INFO 95412 --- [order] [main] [                                                 ] com.netflix.discovery.DiscoveryClient    : Application is null : false
2026-08-23T22:58:15.434-06:00  INFO 95412 --- [order] [main] [                                                 ] com.netflix.discovery.DiscoveryClient    : Registered Applications size is zero : true
2026-08-23T22:58:15.434-06:00  INFO 95412 --- [order] [main] [                                                 ] com.netflix.discovery.DiscoveryClient    : Application version is -1: true
2026-08-23T22:58:15.434-06:00  INFO 95412 --- [order] [main] [                                                 ] com.netflix.discovery.DiscoveryClient    : Getting all instance registry info from the eureka server
2026-08-23T22:58:15.604-06:00  INFO 95412 --- [order] [main] [                                                 ] com.netflix.discovery.DiscoveryClient    : The response status is 200
2026-08-23T22:58:15.606-06:00  INFO 95412 --- [order] [main] [                                                 ] com.netflix.discovery.DiscoveryClient    : Starting heartbeat executor: renew interval is: 30
2026-08-23T22:58:15.607-06:00  INFO 95412 --- [order] [main] [                                                 ] c.n.discovery.InstanceInfoReplicator     : InstanceInfoReplicator onDemand update allowed rate per min is 4
2026-08-23T22:58:15.608-06:00  INFO 95412 --- [order] [main] [                                                 ] com.netflix.discovery.DiscoveryClient    : Discovery Client initialized at timestamp 1787547495608 with initial instances count: 4
2026-08-23T22:58:15.618-06:00  INFO 95412 --- [order] [main] [                                                 ] o.s.c.n.e.s.EurekaServiceRegistry        : Registering application ORDER with eureka with status UP
2026-08-23T22:58:15.619-06:00  INFO 95412 --- [order] [main] [                                                 ] com.netflix.discovery.DiscoveryClient    : Saw local status change event StatusChangeEvent [timestamp=1787547495619, current=UP, previous=STARTING]
2026-08-23T22:58:15.620-06:00  INFO 95412 --- [order] [DiscoveryClient-InstanceInfoReplicator-%d] [                                                 ] com.netflix.discovery.DiscoveryClient    : DiscoveryClient_ORDER/fedora:order:8083: registering service...
2026-08-23T22:58:15.631-06:00  INFO 95412 --- [order] [main] [                                                 ] o.s.b.w.embedded.tomcat.TomcatWebServer  : Tomcat started on port 8083 (http) with context path '/'
2026-08-23T22:58:15.632-06:00  INFO 95412 --- [order] [main] [                                                 ] .s.c.n.e.s.EurekaAutoServiceRegistration : Updating port to 8083
2026-08-23T22:58:15.644-06:00  INFO 95412 --- [order] [DiscoveryClient-InstanceInfoReplicator-%d] [                                                 ] com.netflix.discovery.DiscoveryClient    : DiscoveryClient_ORDER/fedora:order:8083 - registration status: 204
2026-08-23T22:58:15.658-06:00  INFO 95412 --- [order] [main] [                                                 ] com.indi.order.OrderApplication          : Started OrderApplication in 6.967 seconds (process running for 7.46)
2026-08-23T22:58:55.517-06:00  INFO 95412 --- [order] [http-nio-8083-exec-5] [6a8bcf8f5840e99f1964ed7e47e82bf2-65976445183f839a] o.s.c.s.binder.DefaultBinderFactory      : Creating binder: rabbit
2026-08-23T22:58:55.518-06:00  INFO 95412 --- [order] [http-nio-8083-exec-5] [6a8bcf8f5840e99f1964ed7e47e82bf2-65976445183f839a] o.s.c.s.binder.DefaultBinderFactory      : Constructing binder child context for rabbit
2026-08-23T22:58:55.735-06:00  INFO 95412 --- [order] [http-nio-8083-exec-5] [6a8bcf8f5840e99f1964ed7e47e82bf2-65976445183f839a] o.s.c.s.binder.DefaultBinderFactory      : Caching the binder: rabbit
2026-08-23T22:58:55.739-06:00  INFO 95412 --- [order] [http-nio-8083-exec-5] [6a8bcf8f5840e99f1964ed7e47e82bf2-65976445183f839a] o.s.a.r.c.CachingConnectionFactory       : Attempting to connect to: [localhost:5672]
2026-08-23T22:58:55.763-06:00  INFO 95412 --- [order] [http-nio-8083-exec-5] [6a8bcf8f5840e99f1964ed7e47e82bf2-65976445183f839a] o.s.a.r.c.CachingConnectionFactory       : Created new connection: rabbitConnectionFactory#697c0ae6:0/SimpleConnection@326ecdac [delegate=amqp://guest@127.0.0.1:5672/, localPort=57856]
2026-08-23T22:58:55.793-06:00  INFO 95412 --- [order] [http-nio-8083-exec-5] [6a8bcf8f5840e99f1964ed7e47e82bf2-65976445183f839a] o.s.c.s.m.DirectWithAttributesChannel    : Channel 'order.createOrder-out-0' has 1 subscriber(s).
2026-08-23T22:58:55.807-06:00  INFO 95412 --- [order] [http-nio-8083-exec-5] [6a8bcf8f5840e99f1964ed7e47e82bf2-65976445183f839a] o.s.a.r.c.CachingConnectionFactory       : Attempting to connect to: [localhost:5672]
2026-08-23T22:58:55.810-06:00  INFO 95412 --- [order] [http-nio-8083-exec-5] [6a8bcf8f5840e99f1964ed7e47e82bf2-65976445183f839a] o.s.a.r.c.CachingConnectionFactory       : Created new connection: rabbitConnectionFactory.publisher#2b78b192:0/SimpleConnection@2f2b8e90 [delegate=amqp://guest@127.0.0.1:5672/, localPort=57872]
2026-08-23T23:03:15.435-06:00  INFO 95412 --- [order] [AsyncResolver-bootstrap-executor-%d] [                                                 ] c.n.d.s.r.aws.ConfigClusterResolver      : Resolving eureka endpoints via configuration
2026-08-23T23:06:56.300-06:00  INFO 95412 --- [order] [SpringApplicationShutdownHook] [                                                 ] o.s.c.n.e.s.EurekaServiceRegistry        : Unregistering application ORDER with eureka with status DOWN
2026-08-23T23:06:56.301-06:00  INFO 95412 --- [order] [SpringApplicationShutdownHook] [                                                 ] com.netflix.discovery.DiscoveryClient    : Saw local status change event StatusChangeEvent [timestamp=1787548016301, current=DOWN, previous=UP]
2026-08-23T23:06:56.302-06:00  INFO 95412 --- [order] [DiscoveryClient-InstanceInfoReplicator-%d] [                                                 ] com.netflix.discovery.DiscoveryClient    : DiscoveryClient_ORDER/fedora:order:8083: registering service...
2026-08-23T23:06:56.310-06:00  INFO 95412 --- [order] [SpringApplicationShutdownHook] [                                                 ] o.s.b.w.e.tomcat.GracefulShutdown        : Commencing graceful shutdown. Waiting for active requests to complete
2026-08-23T23:06:56.312-06:00  INFO 95412 --- [order] [tomcat-shutdown] [                                                 ] o.s.b.w.e.tomcat.GracefulShutdown        : Graceful shutdown complete
2026-08-23T23:06:56.313-06:00  INFO 95412 --- [order] [DiscoveryClient-InstanceInfoReplicator-%d] [                                                 ] c.n.d.s.t.d.RedirectingEurekaHttpClient  : Request execution error. endpoint=DefaultEndpoint{ serviceUrl='http://localhost:8761/eureka/} exception=I/O error on POST request for "http://localhost:8761/eureka/apps/ORDER": Connect to http://localhost:8761 [localhost/127.0.0.1, localhost/0:0:0:0:0:0:0:1] failed: Conexión rehusada stacktrace=org.springframework.web.client.ResourceAccessException: I/O error on POST request for "http://localhost:8761/eureka/apps/ORDER": Connect to http://localhost:8761 [localhost/127.0.0.1, localhost/0:0:0:0:0:0:0:1] failed: Conexión rehusada
	at org.springframework.web.client.RestTemplate.createResourceAccessException(RestTemplate.java:925)
	at org.springframework.web.client.RestTemplate.doExecute(RestTemplate.java:905)
	at org.springframework.web.client.RestTemplate.execute(RestTemplate.java:840)
	at org.springframework.web.client.RestTemplate.exchange(RestTemplate.java:701)
	at org.springframework.cloud.netflix.eureka.http.RestTemplateEurekaHttpClient.register(RestTemplateEurekaHttpClient.java:87)
	at com.netflix.discovery.shared.transport.decorator.EurekaHttpClientDecorator$1.execute(EurekaHttpClientDecorator.java:59)
	at com.netflix.discovery.shared.transport.decorator.RedirectingEurekaHttpClient.execute(RedirectingEurekaHttpClient.java:91)
	at com.netflix.discovery.shared.transport.decorator.EurekaHttpClientDecorator.register(EurekaHttpClientDecorator.java:56)
	at com.netflix.discovery.shared.transport.decorator.EurekaHttpClientDecorator$1.execute(EurekaHttpClientDecorator.java:59)
	at com.netflix.discovery.shared.transport.decorator.RetryableEurekaHttpClient.execute(RetryableEurekaHttpClient.java:120)
	at com.netflix.discovery.shared.transport.decorator.EurekaHttpClientDecorator.register(EurekaHttpClientDecorator.java:56)
	at com.netflix.discovery.shared.transport.decorator.EurekaHttpClientDecorator$1.execute(EurekaHttpClientDecorator.java:59)
	at com.netflix.discovery.shared.transport.decorator.SessionedEurekaHttpClient.execute(SessionedEurekaHttpClient.java:76)
	at com.netflix.discovery.shared.transport.decorator.EurekaHttpClientDecorator.register(EurekaHttpClientDecorator.java:56)
	at com.netflix.discovery.DiscoveryClient.register(DiscoveryClient.java:828)
	at com.netflix.discovery.InstanceInfoReplicator.run(InstanceInfoReplicator.java:125)
	at com.netflix.discovery.InstanceInfoReplicator$2.run(InstanceInfoReplicator.java:105)
	at java.base/java.util.concurrent.Executors$RunnableAdapter.call(Unknown Source)
	at java.base/java.util.concurrent.FutureTask.run(Unknown Source)
	at java.base/java.util.concurrent.ScheduledThreadPoolExecutor$ScheduledFutureTask.run(Unknown Source)
	at java.base/java.util.concurrent.ThreadPoolExecutor.runWorker(Unknown Source)
	at java.base/java.util.concurrent.ThreadPoolExecutor$Worker.run(Unknown Source)
	at java.base/java.lang.Thread.run(Unknown Source)
Caused by: org.apache.hc.client5.http.HttpHostConnectException: Connect to http://localhost:8761 [localhost/127.0.0.1, localhost/0:0:0:0:0:0:0:1] failed: Conexión rehusada
	at java.base/sun.nio.ch.Net.pollConnect(Native Method)
	at java.base/sun.nio.ch.Net.pollConnectNow(Unknown Source)
	at java.base/sun.nio.ch.NioSocketImpl.timedFinishConnect(Unknown Source)
	at java.base/sun.nio.ch.NioSocketImpl.connect(Unknown Source)
	at java.base/java.net.SocksSocketImpl.connect(Unknown Source)
	at java.base/java.net.Socket.connect(Unknown Source)
	at org.apache.hc.client5.http.impl.io.DefaultHttpClientConnectionOperator.connect(DefaultHttpClientConnectionOperator.java:216)
	at org.apache.hc.client5.http.impl.io.PoolingHttpClientConnectionManager.connect(PoolingHttpClientConnectionManager.java:490)
	at org.apache.hc.client5.http.impl.classic.InternalExecRuntime.connectEndpoint(InternalExecRuntime.java:164)
	at org.apache.hc.client5.http.impl.classic.InternalExecRuntime.connectEndpoint(InternalExecRuntime.java:174)
	at org.apache.hc.client5.http.impl.classic.ConnectExec.execute(ConnectExec.java:144)
	at org.apache.hc.client5.http.impl.classic.ExecChainElement.execute(ExecChainElement.java:51)
	at org.apache.hc.client5.http.impl.classic.ProtocolExec.execute(ProtocolExec.java:192)
	at org.apache.hc.client5.http.impl.classic.ExecChainElement.execute(ExecChainElement.java:51)
	at org.apache.hc.client5.http.impl.classic.ContentCompressionExec.execute(ContentCompressionExec.java:150)
	at org.apache.hc.client5.http.impl.classic.ExecChainElement.execute(ExecChainElement.java:51)
	at org.apache.hc.client5.http.impl.classic.HttpRequestRetryExec.execute(HttpRequestRetryExec.java:113)
	at org.apache.hc.client5.http.impl.classic.ExecChainElement.execute(ExecChainElement.java:51)
	at org.apache.hc.client5.http.impl.classic.RedirectExec.execute(RedirectExec.java:110)
	at org.apache.hc.client5.http.impl.classic.ExecChainElement.execute(ExecChainElement.java:51)
	at org.apache.hc.client5.http.impl.classic.InternalHttpClient.doExecute(InternalHttpClient.java:174)
	at org.apache.hc.client5.http.impl.classic.CloseableHttpClient.execute(CloseableHttpClient.java:87)
	at org.apache.hc.client5.http.impl.classic.CloseableHttpClient.execute(CloseableHttpClient.java:55)
	at org.apache.hc.client5.http.classic.HttpClient.executeOpen(HttpClient.java:183)
	at org.springframework.http.client.HttpComponentsClientHttpRequest.executeInternal(HttpComponentsClientHttpRequest.java:99)
	at org.springframework.http.client.AbstractStreamingClientHttpRequest.executeInternal(AbstractStreamingClientHttpRequest.java:71)
	at org.springframework.http.client.AbstractClientHttpRequest.execute(AbstractClientHttpRequest.java:81)
	at org.springframework.http.client.InterceptingClientHttpRequest$InterceptingRequestExecution.execute(InterceptingClientHttpRequest.java:117)
	at org.springframework.cloud.netflix.eureka.http.RestTemplateTransportClientFactory.lambda$restTemplate$3(RestTemplateTransportClientFactory.java:141)
	at org.springframework.http.client.InterceptingClientHttpRequest$InterceptingRequestExecution.execute(InterceptingClientHttpRequest.java:88)
	at org.springframework.http.client.InterceptingClientHttpRequest.executeInternal(InterceptingClientHttpRequest.java:72)
	at org.springframework.http.client.AbstractBufferingClientHttpRequest.executeInternal(AbstractBufferingClientHttpRequest.java:48)
	at org.springframework.http.client.AbstractClientHttpRequest.execute(AbstractClientHttpRequest.java:81)
	at org.springframework.web.client.RestTemplate.doExecute(RestTemplate.java:899)
	... 21 more

2026-08-23T23:06:56.314-06:00  WARN 95412 --- [order] [DiscoveryClient-InstanceInfoReplicator-%d] [                                                 ] c.n.d.s.t.d.RetryableEurekaHttpClient    : Request execution failed with message: I/O error on POST request for "http://localhost:8761/eureka/apps/ORDER": Connect to http://localhost:8761 [localhost/127.0.0.1, localhost/0:0:0:0:0:0:0:1] failed: Conexión rehusada
2026-08-23T23:06:56.319-06:00  INFO 95412 --- [order] [DiscoveryClient-InstanceInfoReplicator-%d] [                                                 ] c.n.d.s.t.d.RedirectingEurekaHttpClient  : Request execution error. endpoint=DefaultEndpoint{ serviceUrl='http://localhost:8761/eureka/}, exception=I/O error on POST request for "http://localhost:8761/eureka/apps/ORDER": Connect to http://localhost:8761 [localhost/127.0.0.1, localhost/0:0:0:0:0:0:0:1] failed: Conexión rehusada stacktrace=org.springframework.web.client.ResourceAccessException: I/O error on POST request for "http://localhost:8761/eureka/apps/ORDER": Connect to http://localhost:8761 [localhost/127.0.0.1, localhost/0:0:0:0:0:0:0:1] failed: Conexión rehusada
	at org.springframework.web.client.RestTemplate.createResourceAccessException(RestTemplate.java:925)
	at org.springframework.web.client.RestTemplate.doExecute(RestTemplate.java:905)
	at org.springframework.web.client.RestTemplate.execute(RestTemplate.java:840)
	at org.springframework.web.client.RestTemplate.exchange(RestTemplate.java:701)
	at org.springframework.cloud.netflix.eureka.http.RestTemplateEurekaHttpClient.register(RestTemplateEurekaHttpClient.java:87)
	at com.netflix.discovery.shared.transport.decorator.EurekaHttpClientDecorator$1.execute(EurekaHttpClientDecorator.java:59)
	at com.netflix.discovery.shared.transport.decorator.RedirectingEurekaHttpClient.executeOnNewServer(RedirectingEurekaHttpClient.java:121)
	at com.netflix.discovery.shared.transport.decorator.RedirectingEurekaHttpClient.execute(RedirectingEurekaHttpClient.java:80)
	at com.netflix.discovery.shared.transport.decorator.EurekaHttpClientDecorator.register(EurekaHttpClientDecorator.java:56)
	at com.netflix.discovery.shared.transport.decorator.EurekaHttpClientDecorator$1.execute(EurekaHttpClientDecorator.java:59)
	at com.netflix.discovery.shared.transport.decorator.RetryableEurekaHttpClient.execute(RetryableEurekaHttpClient.java:120)
	at com.netflix.discovery.shared.transport.decorator.EurekaHttpClientDecorator.register(EurekaHttpClientDecorator.java:56)
	at com.netflix.discovery.shared.transport.decorator.EurekaHttpClientDecorator$1.execute(EurekaHttpClientDecorator.java:59)
	at com.netflix.discovery.shared.transport.decorator.SessionedEurekaHttpClient.execute(SessionedEurekaHttpClient.java:76)
	at com.netflix.discovery.shared.transport.decorator.EurekaHttpClientDecorator.register(EurekaHttpClientDecorator.java:56)
	at com.netflix.discovery.DiscoveryClient.register(DiscoveryClient.java:828)
	at com.netflix.discovery.InstanceInfoReplicator.run(InstanceInfoReplicator.java:125)
	at com.netflix.discovery.InstanceInfoReplicator$2.run(InstanceInfoReplicator.java:105)
	at java.base/java.util.concurrent.Executors$RunnableAdapter.call(Unknown Source)
	at java.base/java.util.concurrent.FutureTask.run(Unknown Source)
	at java.base/java.util.concurrent.ScheduledThreadPoolExecutor$ScheduledFutureTask.run(Unknown Source)
	at java.base/java.util.concurrent.ThreadPoolExecutor.runWorker(Unknown Source)
	at java.base/java.util.concurrent.ThreadPoolExecutor$Worker.run(Unknown Source)
	at java.base/java.lang.Thread.run(Unknown Source)
Caused by: org.apache.hc.client5.http.HttpHostConnectException: Connect to http://localhost:8761 [localhost/127.0.0.1, localhost/0:0:0:0:0:0:0:1] failed: Conexión rehusada
	at java.base/sun.nio.ch.Net.pollConnect(Native Method)
	at java.base/sun.nio.ch.Net.pollConnectNow(Unknown Source)
	at java.base/sun.nio.ch.NioSocketImpl.timedFinishConnect(Unknown Source)
	at java.base/sun.nio.ch.NioSocketImpl.connect(Unknown Source)
	at java.base/java.net.SocksSocketImpl.connect(Unknown Source)
	at java.base/java.net.Socket.connect(Unknown Source)
	at org.apache.hc.client5.http.impl.io.DefaultHttpClientConnectionOperator.connect(DefaultHttpClientConnectionOperator.java:216)
	at org.apache.hc.client5.http.impl.io.PoolingHttpClientConnectionManager.connect(PoolingHttpClientConnectionManager.java:490)
	at org.apache.hc.client5.http.impl.classic.InternalExecRuntime.connectEndpoint(InternalExecRuntime.java:164)
	at org.apache.hc.client5.http.impl.classic.InternalExecRuntime.connectEndpoint(InternalExecRuntime.java:174)
	at org.apache.hc.client5.http.impl.classic.ConnectExec.execute(ConnectExec.java:144)
	at org.apache.hc.client5.http.impl.classic.ExecChainElement.execute(ExecChainElement.java:51)
	at org.apache.hc.client5.http.impl.classic.ProtocolExec.execute(ProtocolExec.java:192)
	at org.apache.hc.client5.http.impl.classic.ExecChainElement.execute(ExecChainElement.java:51)
	at org.apache.hc.client5.http.impl.classic.ContentCompressionExec.execute(ContentCompressionExec.java:150)
	at org.apache.hc.client5.http.impl.classic.ExecChainElement.execute(ExecChainElement.java:51)
	at org.apache.hc.client5.http.impl.classic.HttpRequestRetryExec.execute(HttpRequestRetryExec.java:113)
	at org.apache.hc.client5.http.impl.classic.ExecChainElement.execute(ExecChainElement.java:51)
	at org.apache.hc.client5.http.impl.classic.RedirectExec.execute(RedirectExec.java:110)
	at org.apache.hc.client5.http.impl.classic.ExecChainElement.execute(ExecChainElement.java:51)
	at org.apache.hc.client5.http.impl.classic.InternalHttpClient.doExecute(InternalHttpClient.java:174)
	at org.apache.hc.client5.http.impl.classic.CloseableHttpClient.execute(CloseableHttpClient.java:87)
	at org.apache.hc.client5.http.impl.classic.CloseableHttpClient.execute(CloseableHttpClient.java:55)
	at org.apache.hc.client5.http.classic.HttpClient.executeOpen(HttpClient.java:183)
	at org.springframework.http.client.HttpComponentsClientHttpRequest.executeInternal(HttpComponentsClientHttpRequest.java:99)
	at org.springframework.http.client.AbstractStreamingClientHttpRequest.executeInternal(AbstractStreamingClientHttpRequest.java:71)
	at org.springframework.http.client.AbstractClientHttpRequest.execute(AbstractClientHttpRequest.java:81)
	at org.springframework.http.client.InterceptingClientHttpRequest$InterceptingRequestExecution.execute(InterceptingClientHttpRequest.java:117)
	at org.springframework.cloud.netflix.eureka.http.RestTemplateTransportClientFactory.lambda$restTemplate$3(RestTemplateTransportClientFactory.java:141)
	at org.springframework.http.client.InterceptingClientHttpRequest$InterceptingRequestExecution.execute(InterceptingClientHttpRequest.java:88)
	at org.springframework.http.client.InterceptingClientHttpRequest.executeInternal(InterceptingClientHttpRequest.java:72)
	at org.springframework.http.client.AbstractBufferingClientHttpRequest.executeInternal(AbstractBufferingClientHttpRequest.java:48)
	at org.springframework.http.client.AbstractClientHttpRequest.execute(AbstractClientHttpRequest.java:81)
	at org.springframework.web.client.RestTemplate.doExecute(RestTemplate.java:899)
	... 22 more

2026-08-23T23:06:56.320-06:00  WARN 95412 --- [order] [DiscoveryClient-InstanceInfoReplicator-%d] [                                                 ] c.n.d.s.t.d.RetryableEurekaHttpClient    : Request execution failed with message: I/O error on POST request for "http://localhost:8761/eureka/apps/ORDER": Connect to http://localhost:8761 [localhost/127.0.0.1, localhost/0:0:0:0:0:0:0:1] failed: Conexión rehusada
2026-08-23T23:06:56.320-06:00  WARN 95412 --- [order] [DiscoveryClient-InstanceInfoReplicator-%d] [                                                 ] com.netflix.discovery.DiscoveryClient    : DiscoveryClient_ORDER/fedora:order:8083 - registration failed Cannot execute request on any known server

com.netflix.discovery.shared.transport.TransportException: Cannot execute request on any known server
	at com.netflix.discovery.shared.transport.decorator.RetryableEurekaHttpClient.execute(RetryableEurekaHttpClient.java:112) ~[eureka-client-2.0.4.jar:2.0.4]
	at com.netflix.discovery.shared.transport.decorator.EurekaHttpClientDecorator.register(EurekaHttpClientDecorator.java:56) ~[eureka-client-2.0.4.jar:2.0.4]
	at com.netflix.discovery.shared.transport.decorator.EurekaHttpClientDecorator$1.execute(EurekaHttpClientDecorator.java:59) ~[eureka-client-2.0.4.jar:2.0.4]
	at com.netflix.discovery.shared.transport.decorator.SessionedEurekaHttpClient.execute(SessionedEurekaHttpClient.java:76) ~[eureka-client-2.0.4.jar:2.0.4]
	at com.netflix.discovery.shared.transport.decorator.EurekaHttpClientDecorator.register(EurekaHttpClientDecorator.java:56) ~[eureka-client-2.0.4.jar:2.0.4]
	at com.netflix.discovery.DiscoveryClient.register(DiscoveryClient.java:828) ~[eureka-client-2.0.4.jar:2.0.4]
	at com.netflix.discovery.InstanceInfoReplicator.run(InstanceInfoReplicator.java:125) ~[eureka-client-2.0.4.jar:2.0.4]
	at com.netflix.discovery.InstanceInfoReplicator$2.run(InstanceInfoReplicator.java:105) ~[eureka-client-2.0.4.jar:2.0.4]
	at java.base/java.util.concurrent.Executors$RunnableAdapter.call(Unknown Source) ~[na:na]
	at java.base/java.util.concurrent.FutureTask.run(Unknown Source) ~[na:na]
	at java.base/java.util.concurrent.ScheduledThreadPoolExecutor$ScheduledFutureTask.run(Unknown Source) ~[na:na]
	at java.base/java.util.concurrent.ThreadPoolExecutor.runWorker(Unknown Source) ~[na:na]
	at java.base/java.util.concurrent.ThreadPoolExecutor$Worker.run(Unknown Source) ~[na:na]
	at java.base/java.lang.Thread.run(Unknown Source) ~[na:na]

2026-08-23T23:06:56.322-06:00  WARN 95412 --- [order] [DiscoveryClient-InstanceInfoReplicator-%d] [                                                 ] c.n.discovery.InstanceInfoReplicator     : There was a problem with the instance info replicator

com.netflix.discovery.shared.transport.TransportException: Cannot execute request on any known server
	at com.netflix.discovery.shared.transport.decorator.RetryableEurekaHttpClient.execute(RetryableEurekaHttpClient.java:112) ~[eureka-client-2.0.4.jar:2.0.4]
	at com.netflix.discovery.shared.transport.decorator.EurekaHttpClientDecorator.register(EurekaHttpClientDecorator.java:56) ~[eureka-client-2.0.4.jar:2.0.4]
	at com.netflix.discovery.shared.transport.decorator.EurekaHttpClientDecorator$1.execute(EurekaHttpClientDecorator.java:59) ~[eureka-client-2.0.4.jar:2.0.4]
	at com.netflix.discovery.shared.transport.decorator.SessionedEurekaHttpClient.execute(SessionedEurekaHttpClient.java:76) ~[eureka-client-2.0.4.jar:2.0.4]
	at com.netflix.discovery.shared.transport.decorator.EurekaHttpClientDecorator.register(EurekaHttpClientDecorator.java:56) ~[eureka-client-2.0.4.jar:2.0.4]
	at com.netflix.discovery.DiscoveryClient.register(DiscoveryClient.java:828) ~[eureka-client-2.0.4.jar:2.0.4]
	at com.netflix.discovery.InstanceInfoReplicator.run(InstanceInfoReplicator.java:125) ~[eureka-client-2.0.4.jar:2.0.4]
	at com.netflix.discovery.InstanceInfoReplicator$2.run(InstanceInfoReplicator.java:105) ~[eureka-client-2.0.4.jar:2.0.4]
	at java.base/java.util.concurrent.Executors$RunnableAdapter.call(Unknown Source) ~[na:na]
	at java.base/java.util.concurrent.FutureTask.run(Unknown Source) ~[na:na]
	at java.base/java.util.concurrent.ScheduledThreadPoolExecutor$ScheduledFutureTask.run(Unknown Source) ~[na:na]
	at java.base/java.util.concurrent.ThreadPoolExecutor.runWorker(Unknown Source) ~[na:na]
	at java.base/java.util.concurrent.ThreadPoolExecutor$Worker.run(Unknown Source) ~[na:na]
	at java.base/java.lang.Thread.run(Unknown Source) ~[na:na]

2026-08-23T23:06:58.347-06:00  INFO 95412 --- [order] [SpringApplicationShutdownHook] [                                                 ] o.s.i.endpoint.EventDrivenConsumer       : Removing {logging-channel-adapter:_org.springframework.integration.errorLogger} as a subscriber to the 'errorChannel' channel
2026-08-23T23:06:58.347-06:00  INFO 95412 --- [order] [SpringApplicationShutdownHook] [                                                 ] o.s.i.channel.PublishSubscribeChannel    : Channel 'order.errorChannel' has 0 subscriber(s).
2026-08-23T23:06:58.347-06:00  INFO 95412 --- [order] [SpringApplicationShutdownHook] [                                                 ] o.s.i.endpoint.EventDrivenConsumer       : stopped bean '_org.springframework.integration.errorLogger'
2026-08-23T23:06:58.368-06:00  INFO 95412 --- [order] [SpringApplicationShutdownHook] [                                                 ] j.LocalContainerEntityManagerFactoryBean : Closing JPA EntityManagerFactory for persistence unit 'default'
2026-08-23T23:06:58.370-06:00  INFO 95412 --- [order] [SpringApplicationShutdownHook] [                                                 ] com.zaxxer.hikari.HikariDataSource       : HikariPool-1 - Shutdown initiated...
2026-08-23T23:06:58.375-06:00  INFO 95412 --- [order] [SpringApplicationShutdownHook] [                                                 ] com.zaxxer.hikari.HikariDataSource       : HikariPool-1 - Shutdown completed.
2026-08-23T23:06:58.516-06:00  INFO 95412 --- [order] [SpringApplicationShutdownHook] [                                                 ] com.netflix.discovery.DiscoveryClient    : Shutting down DiscoveryClient ...
2026-08-23T23:07:01.516-06:00  INFO 95412 --- [order] [SpringApplicationShutdownHook] [                                                 ] com.netflix.discovery.DiscoveryClient    : Unregistering ...
2026-08-23T23:07:01.523-06:00  INFO 95412 --- [order] [SpringApplicationShutdownHook] [                                                 ] c.n.d.s.t.d.RedirectingEurekaHttpClient  : Request execution error. endpoint=DefaultEndpoint{ serviceUrl='http://localhost:8761/eureka/}, exception=I/O error on DELETE request for "http://localhost:8761/eureka/apps/ORDER/fedora:order:8083": Connect to http://localhost:8761 [localhost/127.0.0.1, localhost/0:0:0:0:0:0:0:1] failed: Conexión rehusada stacktrace=org.springframework.web.client.ResourceAccessException: I/O error on DELETE request for "http://localhost:8761/eureka/apps/ORDER/fedora:order:8083": Connect to http://localhost:8761 [localhost/127.0.0.1, localhost/0:0:0:0:0:0:0:1] failed: Conexión rehusada
	at org.springframework.web.client.RestTemplate.createResourceAccessException(RestTemplate.java:925)
	at org.springframework.web.client.RestTemplate.doExecute(RestTemplate.java:905)
	at org.springframework.web.client.RestTemplate.execute(RestTemplate.java:840)
	at org.springframework.web.client.RestTemplate.exchange(RestTemplate.java:701)
	at org.springframework.cloud.netflix.eureka.http.RestTemplateEurekaHttpClient.cancel(RestTemplateEurekaHttpClient.java:100)
	at com.netflix.discovery.shared.transport.decorator.EurekaHttpClientDecorator$2.execute(EurekaHttpClientDecorator.java:74)
	at com.netflix.discovery.shared.transport.decorator.RedirectingEurekaHttpClient.executeOnNewServer(RedirectingEurekaHttpClient.java:121)
	at com.netflix.discovery.shared.transport.decorator.RedirectingEurekaHttpClient.execute(RedirectingEurekaHttpClient.java:80)
	at com.netflix.discovery.shared.transport.decorator.EurekaHttpClientDecorator.cancel(EurekaHttpClientDecorator.java:71)
	at com.netflix.discovery.shared.transport.decorator.EurekaHttpClientDecorator$2.execute(EurekaHttpClientDecorator.java:74)
	at com.netflix.discovery.shared.transport.decorator.RetryableEurekaHttpClient.execute(RetryableEurekaHttpClient.java:120)
	at com.netflix.discovery.shared.transport.decorator.EurekaHttpClientDecorator.cancel(EurekaHttpClientDecorator.java:71)
	at com.netflix.discovery.shared.transport.decorator.EurekaHttpClientDecorator$2.execute(EurekaHttpClientDecorator.java:74)
	at com.netflix.discovery.shared.transport.decorator.SessionedEurekaHttpClient.execute(SessionedEurekaHttpClient.java:76)
	at com.netflix.discovery.shared.transport.decorator.EurekaHttpClientDecorator.cancel(EurekaHttpClientDecorator.java:71)
	at com.netflix.discovery.DiscoveryClient.unregister(DiscoveryClient.java:919)
	at com.netflix.discovery.DiscoveryClient.shutdown(DiscoveryClient.java:900)
	at java.base/jdk.internal.reflect.DirectMethodHandleAccessor.invoke(Unknown Source)
	at java.base/java.lang.reflect.Method.invoke(Unknown Source)
	at org.springframework.beans.factory.annotation.InitDestroyAnnotationBeanPostProcessor$LifecycleMethod.invoke(InitDestroyAnnotationBeanPostProcessor.java:457)
	at org.springframework.beans.factory.annotation.InitDestroyAnnotationBeanPostProcessor$LifecycleMetadata.invokeDestroyMethods(InitDestroyAnnotationBeanPostProcessor.java:415)
	at org.springframework.beans.factory.annotation.InitDestroyAnnotationBeanPostProcessor.postProcessBeforeDestruction(InitDestroyAnnotationBeanPostProcessor.java:239)
	at org.springframework.beans.factory.support.DisposableBeanAdapter.destroy(DisposableBeanAdapter.java:202)
	at org.springframework.beans.factory.support.DisposableBeanAdapter.run(DisposableBeanAdapter.java:195)
	at org.springframework.cloud.context.scope.GenericScope$BeanLifecycleWrapper.destroy(GenericScope.java:389)
	at org.springframework.cloud.context.scope.GenericScope.destroy(GenericScope.java:136)
	at org.springframework.beans.factory.support.DisposableBeanAdapter.destroy(DisposableBeanAdapter.java:211)
	at org.springframework.beans.factory.support.DefaultSingletonBeanRegistry.destroyBean(DefaultSingletonBeanRegistry.java:735)
	at org.springframework.beans.factory.support.DefaultSingletonBeanRegistry.destroySingleton(DefaultSingletonBeanRegistry.java:692)
	at org.springframework.beans.factory.support.DefaultListableBeanFactory.destroySingleton(DefaultListableBeanFactory.java:1401)
	at org.springframework.beans.factory.support.DefaultSingletonBeanRegistry.destroySingletons(DefaultSingletonBeanRegistry.java:651)
	at org.springframework.beans.factory.support.DefaultListableBeanFactory.destroySingletons(DefaultListableBeanFactory.java:1394)
	at org.springframework.context.support.AbstractApplicationContext.destroyBeans(AbstractApplicationContext.java:1219)
	at org.springframework.context.support.AbstractApplicationContext.doClose(AbstractApplicationContext.java:1180)
	at org.springframework.boot.web.servlet.context.ServletWebServerApplicationContext.doClose(ServletWebServerApplicationContext.java:179)
	at org.springframework.context.support.AbstractApplicationContext.close(AbstractApplicationContext.java:1126)
	at org.springframework.boot.SpringApplicationShutdownHook.closeAndWait(SpringApplicationShutdownHook.java:147)
	at java.base/java.lang.Iterable.forEach(Unknown Source)
	at org.springframework.boot.SpringApplicationShutdownHook.run(SpringApplicationShutdownHook.java:116)
	at java.base/java.lang.Thread.run(Unknown Source)
Caused by: org.apache.hc.client5.http.HttpHostConnectException: Connect to http://localhost:8761 [localhost/127.0.0.1, localhost/0:0:0:0:0:0:0:1] failed: Conexión rehusada
	at java.base/sun.nio.ch.Net.pollConnect(Native Method)
	at java.base/sun.nio.ch.Net.pollConnectNow(Unknown Source)
	at java.base/sun.nio.ch.NioSocketImpl.timedFinishConnect(Unknown Source)
	at java.base/sun.nio.ch.NioSocketImpl.connect(Unknown Source)
	at java.base/java.net.SocksSocketImpl.connect(Unknown Source)
	at java.base/java.net.Socket.connect(Unknown Source)
	at org.apache.hc.client5.http.impl.io.DefaultHttpClientConnectionOperator.connect(DefaultHttpClientConnectionOperator.java:216)
	at org.apache.hc.client5.http.impl.io.PoolingHttpClientConnectionManager.connect(PoolingHttpClientConnectionManager.java:490)
	at org.apache.hc.client5.http.impl.classic.InternalExecRuntime.connectEndpoint(InternalExecRuntime.java:164)
	at org.apache.hc.client5.http.impl.classic.InternalExecRuntime.connectEndpoint(InternalExecRuntime.java:174)
	at org.apache.hc.client5.http.impl.classic.ConnectExec.execute(ConnectExec.java:144)
	at org.apache.hc.client5.http.impl.classic.ExecChainElement.execute(ExecChainElement.java:51)
	at org.apache.hc.client5.http.impl.classic.ProtocolExec.execute(ProtocolExec.java:192)
	at org.apache.hc.client5.http.impl.classic.ExecChainElement.execute(ExecChainElement.java:51)
	at org.apache.hc.client5.http.impl.classic.ContentCompressionExec.execute(ContentCompressionExec.java:150)
	at org.apache.hc.client5.http.impl.classic.ExecChainElement.execute(ExecChainElement.java:51)
	at org.apache.hc.client5.http.impl.classic.HttpRequestRetryExec.execute(HttpRequestRetryExec.java:113)
	at org.apache.hc.client5.http.impl.classic.ExecChainElement.execute(ExecChainElement.java:51)
	at org.apache.hc.client5.http.impl.classic.RedirectExec.execute(RedirectExec.java:110)
	at org.apache.hc.client5.http.impl.classic.ExecChainElement.execute(ExecChainElement.java:51)
	at org.apache.hc.client5.http.impl.classic.InternalHttpClient.doExecute(InternalHttpClient.java:174)
	at org.apache.hc.client5.http.impl.classic.CloseableHttpClient.execute(CloseableHttpClient.java:87)
	at org.apache.hc.client5.http.impl.classic.CloseableHttpClient.execute(CloseableHttpClient.java:55)
	at org.apache.hc.client5.http.classic.HttpClient.executeOpen(HttpClient.java:183)
	at org.springframework.http.client.HttpComponentsClientHttpRequest.executeInternal(HttpComponentsClientHttpRequest.java:99)
	at org.springframework.http.client.AbstractStreamingClientHttpRequest.executeInternal(AbstractStreamingClientHttpRequest.java:71)
	at org.springframework.http.client.AbstractClientHttpRequest.execute(AbstractClientHttpRequest.java:81)
	at org.springframework.http.client.InterceptingClientHttpRequest$InterceptingRequestExecution.execute(InterceptingClientHttpRequest.java:117)
	at org.springframework.cloud.netflix.eureka.http.RestTemplateTransportClientFactory.lambda$restTemplate$3(RestTemplateTransportClientFactory.java:141)
	at org.springframework.http.client.InterceptingClientHttpRequest$InterceptingRequestExecution.execute(InterceptingClientHttpRequest.java:88)
	at org.springframework.http.client.InterceptingClientHttpRequest.executeInternal(InterceptingClientHttpRequest.java:72)
	at org.springframework.http.client.AbstractBufferingClientHttpRequest.executeInternal(AbstractBufferingClientHttpRequest.java:48)
	at org.springframework.http.client.AbstractClientHttpRequest.execute(AbstractClientHttpRequest.java:81)
	at org.springframework.web.client.RestTemplate.doExecute(RestTemplate.java:899)
	... 38 more

2026-08-23T23:07:01.523-06:00  WARN 95412 --- [order] [SpringApplicationShutdownHook] [                                                 ] c.n.d.s.t.d.RetryableEurekaHttpClient    : Request execution failed with message: I/O error on DELETE request for "http://localhost:8761/eureka/apps/ORDER/fedora:order:8083": Connect to http://localhost:8761 [localhost/127.0.0.1, localhost/0:0:0:0:0:0:0:1] failed: Conexión rehusada
2026-08-23T23:07:01.523-06:00 ERROR 95412 --- [order] [SpringApplicationShutdownHook] [                                                 ] com.netflix.discovery.DiscoveryClient    : DiscoveryClient_ORDER/fedora:order:8083 - de-registration failedCannot execute request on any known server

com.netflix.discovery.shared.transport.TransportException: Cannot execute request on any known server
	at com.netflix.discovery.shared.transport.decorator.RetryableEurekaHttpClient.execute(RetryableEurekaHttpClient.java:112) ~[eureka-client-2.0.4.jar:2.0.4]
	at com.netflix.discovery.shared.transport.decorator.EurekaHttpClientDecorator.cancel(EurekaHttpClientDecorator.java:71) ~[eureka-client-2.0.4.jar:2.0.4]
	at com.netflix.discovery.shared.transport.decorator.EurekaHttpClientDecorator$2.execute(EurekaHttpClientDecorator.java:74) ~[eureka-client-2.0.4.jar:2.0.4]
	at com.netflix.discovery.shared.transport.decorator.SessionedEurekaHttpClient.execute(SessionedEurekaHttpClient.java:76) ~[eureka-client-2.0.4.jar:2.0.4]
	at com.netflix.discovery.shared.transport.decorator.EurekaHttpClientDecorator.cancel(EurekaHttpClientDecorator.java:71) ~[eureka-client-2.0.4.jar:2.0.4]
	at com.netflix.discovery.DiscoveryClient.unregister(DiscoveryClient.java:919) ~[eureka-client-2.0.4.jar:2.0.4]
	at com.netflix.discovery.DiscoveryClient.shutdown(DiscoveryClient.java:900) ~[eureka-client-2.0.4.jar:2.0.4]
	at java.base/jdk.internal.reflect.DirectMethodHandleAccessor.invoke(Unknown Source) ~[na:na]
	at java.base/java.lang.reflect.Method.invoke(Unknown Source) ~[na:na]
	at org.springframework.beans.factory.annotation.InitDestroyAnnotationBeanPostProcessor$LifecycleMethod.invoke(InitDestroyAnnotationBeanPostProcessor.java:457) ~[spring-beans-6.2.3.jar:6.2.3]
	at org.springframework.beans.factory.annotation.InitDestroyAnnotationBeanPostProcessor$LifecycleMetadata.invokeDestroyMethods(InitDestroyAnnotationBeanPostProcessor.java:415) ~[spring-beans-6.2.3.jar:6.2.3]
	at org.springframework.beans.factory.annotation.InitDestroyAnnotationBeanPostProcessor.postProcessBeforeDestruction(InitDestroyAnnotationBeanPostProcessor.java:239) ~[spring-beans-6.2.3.jar:6.2.3]
	at org.springframework.beans.factory.support.DisposableBeanAdapter.destroy(DisposableBeanAdapter.java:202) ~[spring-beans-6.2.3.jar:6.2.3]
	at org.springframework.beans.factory.support.DisposableBeanAdapter.run(DisposableBeanAdapter.java:195) ~[spring-beans-6.2.3.jar:6.2.3]
	at org.springframework.cloud.context.scope.GenericScope$BeanLifecycleWrapper.destroy(GenericScope.java:389) ~[spring-cloud-context-4.2.0.jar:4.2.0]
	at org.springframework.cloud.context.scope.GenericScope.destroy(GenericScope.java:136) ~[spring-cloud-context-4.2.0.jar:4.2.0]
	at org.springframework.beans.factory.support.DisposableBeanAdapter.destroy(DisposableBeanAdapter.java:211) ~[spring-beans-6.2.3.jar:6.2.3]
	at org.springframework.beans.factory.support.DefaultSingletonBeanRegistry.destroyBean(DefaultSingletonBeanRegistry.java:735) ~[spring-beans-6.2.3.jar:6.2.3]
	at org.springframework.beans.factory.support.DefaultSingletonBeanRegistry.destroySingleton(DefaultSingletonBeanRegistry.java:692) ~[spring-beans-6.2.3.jar:6.2.3]
	at org.springframework.beans.factory.support.DefaultListableBeanFactory.destroySingleton(DefaultListableBeanFactory.java:1401) ~[spring-beans-6.2.3.jar:6.2.3]
	at org.springframework.beans.factory.support.DefaultSingletonBeanRegistry.destroySingletons(DefaultSingletonBeanRegistry.java:651) ~[spring-beans-6.2.3.jar:6.2.3]
	at org.springframework.beans.factory.support.DefaultListableBeanFactory.destroySingletons(DefaultListableBeanFactory.java:1394) ~[spring-beans-6.2.3.jar:6.2.3]
	at org.springframework.context.support.AbstractApplicationContext.destroyBeans(AbstractApplicationContext.java:1219) ~[spring-context-6.2.3.jar:6.2.3]
	at org.springframework.context.support.AbstractApplicationContext.doClose(AbstractApplicationContext.java:1180) ~[spring-context-6.2.3.jar:6.2.3]
	at org.springframework.boot.web.servlet.context.ServletWebServerApplicationContext.doClose(ServletWebServerApplicationContext.java:179) ~[spring-boot-3.4.3.jar:3.4.3]
	at org.springframework.context.support.AbstractApplicationContext.close(AbstractApplicationContext.java:1126) ~[spring-context-6.2.3.jar:6.2.3]
	at org.springframework.boot.SpringApplicationShutdownHook.closeAndWait(SpringApplicationShutdownHook.java:147) ~[spring-boot-3.4.3.jar:3.4.3]
	at java.base/java.lang.Iterable.forEach(Unknown Source) ~[na:na]
	at org.springframework.boot.SpringApplicationShutdownHook.run(SpringApplicationShutdownHook.java:116) ~[spring-boot-3.4.3.jar:3.4.3]
	at java.base/java.lang.Thread.run(Unknown Source) ~[na:na]

2026-08-23T23:07:01.524-06:00  INFO 95412 --- [order] [SpringApplicationShutdownHook] [                                                 ] com.netflix.discovery.DiscoveryClient    : Completed shut down of DiscoveryClient
