2026-02-04T23:15:31.621-06:00  INFO 7148 --- [product] [main] [                                                 ] com.indi.product.ProductApplication      : Starting ProductApplication using Java 21.0.6 with PID 7148 (C:\Users\Fanta\Documents\01-desarrollo\A8_microservices_kubernetes_india\B3_secc_18_eureka_ecomm-api-gateway\product\target\classes started by Fanta in C:\Users\Fanta\Documents\01-desarrollo\A8_microservices_kubernetes_india\B3_secc_18_eureka_ecomm-api-gateway)
2026-02-04T23:15:31.640-06:00  INFO 7148 --- [product] [main] [                                                 ] com.indi.product.ProductApplication      : No active profile set, falling back to 1 default profile: "default"
2026-02-04T23:15:31.736-06:00  INFO 7148 --- [product] [main] [                                                 ] o.s.c.c.c.ConfigServerConfigDataLoader   : Fetching config from server at : http://localhost:8888
2026-02-04T23:15:31.737-06:00  INFO 7148 --- [product] [main] [                                                 ] o.s.c.c.c.ConfigServerConfigDataLoader   : Located environment: name=product, profiles=[default], label=null, version=null, state=null
2026-02-04T23:15:33.663-06:00  INFO 7148 --- [product] [main] [                                                 ] .s.d.r.c.RepositoryConfigurationDelegate : Bootstrapping Spring Data JPA repositories in DEFAULT mode.
2026-02-04T23:15:33.824-06:00  INFO 7148 --- [product] [main] [                                                 ] .s.d.r.c.RepositoryConfigurationDelegate : Finished Spring Data repository scanning in 149 ms. Found 1 JPA repository interface.
2026-02-04T23:15:34.123-06:00  INFO 7148 --- [product] [main] [                                                 ] faultConfiguringBeanFactoryPostProcessor : No bean named 'errorChannel' has been explicitly defined. Therefore, a default PublishSubscribeChannel will be created.
2026-02-04T23:15:34.132-06:00  INFO 7148 --- [product] [main] [                                                 ] faultConfiguringBeanFactoryPostProcessor : No bean named 'integrationHeaderChannelRegistry' has been explicitly defined. Therefore, a default DefaultHeaderChannelRegistry will be created.
2026-02-04T23:15:34.266-06:00  INFO 7148 --- [product] [main] [                                                 ] o.s.cloud.context.scope.GenericScope     : BeanFactory id=15e9243a-d305-3144-9dfa-5af58499331f
2026-02-04T23:15:34.750-06:00  WARN 7148 --- [product] [main] [                                                 ] trationDelegate$BeanPostProcessorChecker : Bean 'org.springframework.boot.autoconfigure.integration.IntegrationAutoConfiguration$IntegrationJmxConfiguration' of type [org.springframework.boot.autoconfigure.integration.IntegrationAutoConfiguration$IntegrationJmxConfiguration] is not eligible for getting processed by all BeanPostProcessors (for example: not eligible for auto-proxying). The currently created BeanPostProcessor [integrationMbeanExporter] is declared through a non-static factory method on that class; consider declaring it as static instead.
2026-02-04T23:15:34.764-06:00  WARN 7148 --- [product] [main] [                                                 ] trationDelegate$BeanPostProcessorChecker : Bean 'org.springframework.cloud.stream.config.BindersHealthIndicatorAutoConfiguration' of type [org.springframework.cloud.stream.config.BindersHealthIndicatorAutoConfiguration] is not eligible for getting processed by all BeanPostProcessors (for example: not eligible for auto-proxying). Is this bean getting eagerly injected/applied to a currently created BeanPostProcessor [integrationMbeanExporter]? Check the corresponding BeanPostProcessor declaration and its dependencies/advisors. If this bean does not have to be post-processed, declare it with ROLE_INFRASTRUCTURE.
2026-02-04T23:15:34.769-06:00  WARN 7148 --- [product] [main] [                                                 ] trationDelegate$BeanPostProcessorChecker : Bean 'bindersHealthContributor' of type [org.springframework.cloud.stream.config.BindersHealthIndicatorAutoConfiguration$BindersHealthContributor] is not eligible for getting processed by all BeanPostProcessors (for example: not eligible for auto-proxying). Is this bean getting eagerly injected/applied to a currently created BeanPostProcessor [integrationMbeanExporter]? Check the corresponding BeanPostProcessor declaration and its dependencies/advisors. If this bean does not have to be post-processed, declare it with ROLE_INFRASTRUCTURE.
2026-02-04T23:15:34.774-06:00  WARN 7148 --- [product] [main] [                                                 ] trationDelegate$BeanPostProcessorChecker : Bean 'bindersHealthIndicatorListener' of type [org.springframework.cloud.stream.config.BindersHealthIndicatorAutoConfiguration$BindersHealthIndicatorListener] is not eligible for getting processed by all BeanPostProcessors (for example: not eligible for auto-proxying). Is this bean getting eagerly injected/applied to a currently created BeanPostProcessor [integrationMbeanExporter]? Check the corresponding BeanPostProcessor declaration and its dependencies/advisors. If this bean does not have to be post-processed, declare it with ROLE_INFRASTRUCTURE.
2026-02-04T23:15:34.783-06:00  WARN 7148 --- [product] [main] [                                                 ] trationDelegate$BeanPostProcessorChecker : Bean 'org.springframework.cloud.stream.binder.rabbit.config.ExtendedBindingHandlerMappingsProviderConfiguration' of type [org.springframework.cloud.stream.binder.rabbit.config.ExtendedBindingHandlerMappingsProviderConfiguration] is not eligible for getting processed by all BeanPostProcessors (for example: not eligible for auto-proxying). Is this bean getting eagerly injected/applied to a currently created BeanPostProcessor [integrationMbeanExporter]? Check the corresponding BeanPostProcessor declaration and its dependencies/advisors. If this bean does not have to be post-processed, declare it with ROLE_INFRASTRUCTURE.
2026-02-04T23:15:34.785-06:00  WARN 7148 --- [product] [main] [                                                 ] trationDelegate$BeanPostProcessorChecker : Bean 'rabbitExtendedPropertiesDefaultMappingsProvider' of type [org.springframework.cloud.stream.binder.rabbit.config.ExtendedBindingHandlerMappingsProviderConfiguration$$Lambda/0x000001faad6067d0] is not eligible for getting processed by all BeanPostProcessors (for example: not eligible for auto-proxying). Is this bean getting eagerly injected/applied to a currently created BeanPostProcessor [integrationMbeanExporter]? Check the corresponding BeanPostProcessor declaration and its dependencies/advisors. If this bean does not have to be post-processed, declare it with ROLE_INFRASTRUCTURE.
2026-02-04T23:15:34.791-06:00  WARN 7148 --- [product] [main] [                                                 ] trationDelegate$BeanPostProcessorChecker : Bean 'BindingHandlerAdvise' of type [org.springframework.cloud.stream.config.BindingHandlerAdvise] is not eligible for getting processed by all BeanPostProcessors (for example: not eligible for auto-proxying). Is this bean getting eagerly injected/applied to a currently created BeanPostProcessor [integrationMbeanExporter]? Check the corresponding BeanPostProcessor declaration and its dependencies/advisors. If this bean does not have to be post-processed, declare it with ROLE_INFRASTRUCTURE.
2026-02-04T23:15:34.793-06:00  WARN 7148 --- [product] [main] [                                                 ] trationDelegate$BeanPostProcessorChecker : Bean 'org.springframework.cloud.commons.config.CommonsConfigAutoConfiguration' of type [org.springframework.cloud.commons.config.CommonsConfigAutoConfiguration] is not eligible for getting processed by all BeanPostProcessors (for example: not eligible for auto-proxying). Is this bean getting eagerly injected/applied to a currently created BeanPostProcessor [integrationMbeanExporter]? Check the corresponding BeanPostProcessor declaration and its dependencies/advisors. If this bean does not have to be post-processed, declare it with ROLE_INFRASTRUCTURE.
2026-02-04T23:15:34.797-06:00  WARN 7148 --- [product] [main] [                                                 ] trationDelegate$BeanPostProcessorChecker : Bean 'org.springframework.cloud.client.loadbalancer.LoadBalancerDefaultMappingsProviderAutoConfiguration' of type [org.springframework.cloud.client.loadbalancer.LoadBalancerDefaultMappingsProviderAutoConfiguration] is not eligible for getting processed by all BeanPostProcessors (for example: not eligible for auto-proxying). Is this bean getting eagerly injected/applied to a currently created BeanPostProcessor [integrationMbeanExporter]? Check the corresponding BeanPostProcessor declaration and its dependencies/advisors. If this bean does not have to be post-processed, declare it with ROLE_INFRASTRUCTURE.
2026-02-04T23:15:34.800-06:00  WARN 7148 --- [product] [main] [                                                 ] trationDelegate$BeanPostProcessorChecker : Bean 'loadBalancerClientsDefaultsMappingsProvider' of type [org.springframework.cloud.client.loadbalancer.LoadBalancerDefaultMappingsProviderAutoConfiguration$$Lambda/0x000001faad6069e0] is not eligible for getting processed by all BeanPostProcessors (for example: not eligible for auto-proxying). Is this bean getting eagerly injected/applied to a currently created BeanPostProcessor [integrationMbeanExporter]? Check the corresponding BeanPostProcessor declaration and its dependencies/advisors. If this bean does not have to be post-processed, declare it with ROLE_INFRASTRUCTURE.
2026-02-04T23:15:34.804-06:00  WARN 7148 --- [product] [main] [                                                 ] trationDelegate$BeanPostProcessorChecker : Bean 'defaultsBindHandlerAdvisor' of type [org.springframework.cloud.commons.config.DefaultsBindHandlerAdvisor] is not eligible for getting processed by all BeanPostProcessors (for example: not eligible for auto-proxying). Is this bean getting eagerly injected/applied to a currently created BeanPostProcessor [integrationMbeanExporter]? Check the corresponding BeanPostProcessor declaration and its dependencies/advisors. If this bean does not have to be post-processed, declare it with ROLE_INFRASTRUCTURE.
2026-02-04T23:15:34.821-06:00  WARN 7148 --- [product] [main] [                                                 ] trationDelegate$BeanPostProcessorChecker : Bean 'spelConverter' of type [org.springframework.cloud.stream.config.SpelExpressionConverterConfiguration$SpelConverter] is not eligible for getting processed by all BeanPostProcessors (for example: not eligible for auto-proxying). Is this bean getting eagerly injected/applied to a currently created BeanPostProcessor [integrationMbeanExporter]? Check the corresponding BeanPostProcessor declaration and its dependencies/advisors. If this bean does not have to be post-processed, declare it with ROLE_INFRASTRUCTURE.
2026-02-04T23:15:34.832-06:00  WARN 7148 --- [product] [main] [                                                 ] trationDelegate$BeanPostProcessorChecker : Bean 'spring.jmx-org.springframework.boot.autoconfigure.jmx.JmxProperties' of type [org.springframework.boot.autoconfigure.jmx.JmxProperties] is not eligible for getting processed by all BeanPostProcessors (for example: not eligible for auto-proxying). Is this bean getting eagerly injected/applied to a currently created BeanPostProcessor [integrationMbeanExporter]? Check the corresponding BeanPostProcessor declaration and its dependencies/advisors. If this bean does not have to be post-processed, declare it with ROLE_INFRASTRUCTURE.
2026-02-04T23:15:34.850-06:00  WARN 7148 --- [product] [main] [                                                 ] trationDelegate$BeanPostProcessorChecker : Bean 'org.springframework.boot.autoconfigure.jmx.JmxAutoConfiguration' of type [org.springframework.boot.autoconfigure.jmx.JmxAutoConfiguration] is not eligible for getting processed by all BeanPostProcessors (for example: not eligible for auto-proxying). Is this bean getting eagerly injected/applied to a currently created BeanPostProcessor [integrationMbeanExporter]? Check the corresponding BeanPostProcessor declaration and its dependencies/advisors. If this bean does not have to be post-processed, declare it with ROLE_INFRASTRUCTURE.
2026-02-04T23:15:34.859-06:00  WARN 7148 --- [product] [main] [                                                 ] trationDelegate$BeanPostProcessorChecker : Bean 'mbeanServer' of type [com.sun.jmx.mbeanserver.JmxMBeanServer] is not eligible for getting processed by all BeanPostProcessors (for example: not eligible for auto-proxying). Is this bean getting eagerly injected/applied to a currently created BeanPostProcessor [integrationMbeanExporter]? Check the corresponding BeanPostProcessor declaration and its dependencies/advisors. If this bean does not have to be post-processed, declare it with ROLE_INFRASTRUCTURE.
2026-02-04T23:15:35.559-06:00  INFO 7148 --- [product] [main] [                                                 ] o.s.b.w.embedded.tomcat.TomcatWebServer  : Tomcat initialized with port 8081 (http)
2026-02-04T23:15:35.576-06:00  INFO 7148 --- [product] [main] [                                                 ] o.apache.catalina.core.StandardService   : Starting service [Tomcat]
2026-02-04T23:15:35.577-06:00  INFO 7148 --- [product] [main] [                                                 ] o.apache.catalina.core.StandardEngine    : Starting Servlet engine: [Apache Tomcat/10.1.36]
2026-02-04T23:15:35.686-06:00  INFO 7148 --- [product] [main] [                                                 ] o.a.c.c.C.[Tomcat].[localhost].[/]       : Initializing Spring embedded WebApplicationContext
2026-02-04T23:15:35.687-06:00  INFO 7148 --- [product] [main] [                                                 ] w.s.c.ServletWebServerApplicationContext : Root WebApplicationContext: initialization completed in 3948 ms
2026-02-04T23:15:36.744-06:00  INFO 7148 --- [product] [main] [                                                 ] o.hibernate.jpa.internal.util.LogHelper  : HHH000204: Processing PersistenceUnitInfo [name: default]
2026-02-04T23:15:36.815-06:00  INFO 7148 --- [product] [main] [                                                 ] org.hibernate.Version                    : HHH000412: Hibernate ORM core version 6.6.8.Final
2026-02-04T23:15:36.849-06:00  INFO 7148 --- [product] [main] [                                                 ] o.h.c.internal.RegionFactoryInitiator    : HHH000026: Second-level cache disabled
2026-02-04T23:15:37.129-06:00  INFO 7148 --- [product] [main] [                                                 ] o.s.o.j.p.SpringPersistenceUnitInfo      : No LoadTimeWeaver setup: ignoring JPA class transformer
2026-02-04T23:15:37.166-06:00  INFO 7148 --- [product] [main] [                                                 ] com.zaxxer.hikari.HikariDataSource       : HikariPool-1 - Starting...
2026-02-04T23:15:38.234-06:00  WARN 7148 --- [product] [main] [                                                 ] o.h.engine.jdbc.spi.SqlExceptionHelper   : SQL Error: 0, SQLState: 08001
2026-02-04T23:15:38.235-06:00 ERROR 7148 --- [product] [main] [                                                 ] o.h.engine.jdbc.spi.SqlExceptionHelper   : Connection to localhost:5432 refused. Check that the hostname and port are correct and that the postmaster is accepting TCP/IP connections.
2026-02-04T23:15:38.236-06:00  WARN 7148 --- [product] [main] [                                                 ] o.h.e.j.e.i.JdbcEnvironmentInitiator     : HHH000342: Could not obtain connection to query metadata

org.hibernate.exception.JDBCConnectionException: unable to obtain isolated JDBC connection [Connection to localhost:5432 refused. Check that the hostname and port are correct and that the postmaster is accepting TCP/IP connections.] [n/a]
	at org.hibernate.exception.internal.SQLStateConversionDelegate.convert(SQLStateConversionDelegate.java:100) ~[hibernate-core-6.6.8.Final.jar:6.6.8.Final]
	at org.hibernate.exception.internal.StandardSQLExceptionConverter.convert(StandardSQLExceptionConverter.java:58) ~[hibernate-core-6.6.8.Final.jar:6.6.8.Final]
	at org.hibernate.engine.jdbc.spi.SqlExceptionHelper.convert(SqlExceptionHelper.java:108) ~[hibernate-core-6.6.8.Final.jar:6.6.8.Final]
	at org.hibernate.engine.jdbc.spi.SqlExceptionHelper.convert(SqlExceptionHelper.java:94) ~[hibernate-core-6.6.8.Final.jar:6.6.8.Final]
	at org.hibernate.resource.transaction.backend.jdbc.internal.JdbcIsolationDelegate.delegateWork(JdbcIsolationDelegate.java:116) ~[hibernate-core-6.6.8.Final.jar:6.6.8.Final]
	at org.hibernate.engine.jdbc.env.internal.JdbcEnvironmentInitiator.getJdbcEnvironmentUsingJdbcMetadata(JdbcEnvironmentInitiator.java:320) ~[hibernate-core-6.6.8.Final.jar:6.6.8.Final]
	at org.hibernate.engine.jdbc.env.internal.JdbcEnvironmentInitiator.initiateService(JdbcEnvironmentInitiator.java:129) ~[hibernate-core-6.6.8.Final.jar:6.6.8.Final]
	at org.hibernate.engine.jdbc.env.internal.JdbcEnvironmentInitiator.initiateService(JdbcEnvironmentInitiator.java:81) ~[hibernate-core-6.6.8.Final.jar:6.6.8.Final]
	at org.hibernate.boot.registry.internal.StandardServiceRegistryImpl.initiateService(StandardServiceRegistryImpl.java:130) ~[hibernate-core-6.6.8.Final.jar:6.6.8.Final]
	at org.hibernate.service.internal.AbstractServiceRegistryImpl.createService(AbstractServiceRegistryImpl.java:263) ~[hibernate-core-6.6.8.Final.jar:6.6.8.Final]
	at org.hibernate.service.internal.AbstractServiceRegistryImpl.initializeService(AbstractServiceRegistryImpl.java:238) ~[hibernate-core-6.6.8.Final.jar:6.6.8.Final]
	at org.hibernate.service.internal.AbstractServiceRegistryImpl.getService(AbstractServiceRegistryImpl.java:215) ~[hibernate-core-6.6.8.Final.jar:6.6.8.Final]
	at org.hibernate.boot.model.relational.Database.<init>(Database.java:45) ~[hibernate-core-6.6.8.Final.jar:6.6.8.Final]
	at org.hibernate.boot.internal.InFlightMetadataCollectorImpl.getDatabase(InFlightMetadataCollectorImpl.java:226) ~[hibernate-core-6.6.8.Final.jar:6.6.8.Final]
	at org.hibernate.boot.internal.InFlightMetadataCollectorImpl.<init>(InFlightMetadataCollectorImpl.java:194) ~[hibernate-core-6.6.8.Final.jar:6.6.8.Final]
	at org.hibernate.boot.model.process.spi.MetadataBuildingProcess.complete(MetadataBuildingProcess.java:171) ~[hibernate-core-6.6.8.Final.jar:6.6.8.Final]
	at org.hibernate.jpa.boot.internal.EntityManagerFactoryBuilderImpl.metadata(EntityManagerFactoryBuilderImpl.java:1442) ~[hibernate-core-6.6.8.Final.jar:6.6.8.Final]
	at org.hibernate.jpa.boot.internal.EntityManagerFactoryBuilderImpl.build(EntityManagerFactoryBuilderImpl.java:1513) ~[hibernate-core-6.6.8.Final.jar:6.6.8.Final]
	at org.springframework.orm.jpa.vendor.SpringHibernateJpaPersistenceProvider.createContainerEntityManagerFactory(SpringHibernateJpaPersistenceProvider.java:66) ~[spring-orm-6.2.3.jar:6.2.3]
	at org.springframework.orm.jpa.LocalContainerEntityManagerFactoryBean.createNativeEntityManagerFactory(LocalContainerEntityManagerFactoryBean.java:390) ~[spring-orm-6.2.3.jar:6.2.3]
	at org.springframework.orm.jpa.AbstractEntityManagerFactoryBean.buildNativeEntityManagerFactory(AbstractEntityManagerFactoryBean.java:419) ~[spring-orm-6.2.3.jar:6.2.3]
	at org.springframework.orm.jpa.AbstractEntityManagerFactoryBean.afterPropertiesSet(AbstractEntityManagerFactoryBean.java:400) ~[spring-orm-6.2.3.jar:6.2.3]
	at org.springframework.orm.jpa.LocalContainerEntityManagerFactoryBean.afterPropertiesSet(LocalContainerEntityManagerFactoryBean.java:366) ~[spring-orm-6.2.3.jar:6.2.3]
	at org.springframework.beans.factory.support.AbstractAutowireCapableBeanFactory.invokeInitMethods(AbstractAutowireCapableBeanFactory.java:1859) ~[spring-beans-6.2.3.jar:6.2.3]
	at org.springframework.beans.factory.support.AbstractAutowireCapableBeanFactory.initializeBean(AbstractAutowireCapableBeanFactory.java:1808) ~[spring-beans-6.2.3.jar:6.2.3]
	at org.springframework.beans.factory.support.AbstractAutowireCapableBeanFactory.doCreateBean(AbstractAutowireCapableBeanFactory.java:601) ~[spring-beans-6.2.3.jar:6.2.3]
	at org.springframework.beans.factory.support.AbstractAutowireCapableBeanFactory.createBean(AbstractAutowireCapableBeanFactory.java:523) ~[spring-beans-6.2.3.jar:6.2.3]
	at org.springframework.beans.factory.support.AbstractBeanFactory.lambda$doGetBean$0(AbstractBeanFactory.java:339) ~[spring-beans-6.2.3.jar:6.2.3]
	at org.springframework.beans.factory.support.DefaultSingletonBeanRegistry.getSingleton(DefaultSingletonBeanRegistry.java:346) ~[spring-beans-6.2.3.jar:6.2.3]
	at org.springframework.beans.factory.support.AbstractBeanFactory.doGetBean(AbstractBeanFactory.java:337) ~[spring-beans-6.2.3.jar:6.2.3]
	at org.springframework.beans.factory.support.AbstractBeanFactory.getBean(AbstractBeanFactory.java:207) ~[spring-beans-6.2.3.jar:6.2.3]
	at org.springframework.context.support.AbstractApplicationContext.finishBeanFactoryInitialization(AbstractApplicationContext.java:970) ~[spring-context-6.2.3.jar:6.2.3]
	at org.springframework.context.support.AbstractApplicationContext.refresh(AbstractApplicationContext.java:627) ~[spring-context-6.2.3.jar:6.2.3]
	at org.springframework.boot.web.servlet.context.ServletWebServerApplicationContext.refresh(ServletWebServerApplicationContext.java:146) ~[spring-boot-3.4.3.jar:3.4.3]
	at org.springframework.boot.SpringApplication.refresh(SpringApplication.java:752) ~[spring-boot-3.4.3.jar:3.4.3]
	at org.springframework.boot.SpringApplication.refreshContext(SpringApplication.java:439) ~[spring-boot-3.4.3.jar:3.4.3]
	at org.springframework.boot.SpringApplication.run(SpringApplication.java:318) ~[spring-boot-3.4.3.jar:3.4.3]
	at org.springframework.boot.SpringApplication.run(SpringApplication.java:1361) ~[spring-boot-3.4.3.jar:3.4.3]
	at org.springframework.boot.SpringApplication.run(SpringApplication.java:1350) ~[spring-boot-3.4.3.jar:3.4.3]
	at com.indi.product.ProductApplication.main(ProductApplication.java:10) ~[classes/:na]
Caused by: org.postgresql.util.PSQLException: Connection to localhost:5432 refused. Check that the hostname and port are correct and that the postmaster is accepting TCP/IP connections.
	at org.postgresql.core.v3.ConnectionFactoryImpl.openConnectionImpl(ConnectionFactoryImpl.java:352) ~[postgresql-42.7.5.jar:42.7.5]
	at org.postgresql.core.ConnectionFactory.openConnection(ConnectionFactory.java:54) ~[postgresql-42.7.5.jar:42.7.5]
	at org.postgresql.jdbc.PgConnection.<init>(PgConnection.java:273) ~[postgresql-42.7.5.jar:42.7.5]
	at org.postgresql.Driver.makeConnection(Driver.java:446) ~[postgresql-42.7.5.jar:42.7.5]
	at org.postgresql.Driver.connect(Driver.java:298) ~[postgresql-42.7.5.jar:42.7.5]
	at com.zaxxer.hikari.util.DriverDataSource.getConnection(DriverDataSource.java:137) ~[HikariCP-5.1.0.jar:na]
	at com.zaxxer.hikari.pool.PoolBase.newConnection(PoolBase.java:360) ~[HikariCP-5.1.0.jar:na]
	at com.zaxxer.hikari.pool.PoolBase.newPoolEntry(PoolBase.java:202) ~[HikariCP-5.1.0.jar:na]
	at com.zaxxer.hikari.pool.HikariPool.createPoolEntry(HikariPool.java:461) ~[HikariCP-5.1.0.jar:na]
	at com.zaxxer.hikari.pool.HikariPool.checkFailFast(HikariPool.java:550) ~[HikariCP-5.1.0.jar:na]
	at com.zaxxer.hikari.pool.HikariPool.<init>(HikariPool.java:98) ~[HikariCP-5.1.0.jar:na]
	at com.zaxxer.hikari.HikariDataSource.getConnection(HikariDataSource.java:111) ~[HikariCP-5.1.0.jar:na]
	at org.hibernate.engine.jdbc.connections.internal.DatasourceConnectionProviderImpl.getConnection(DatasourceConnectionProviderImpl.java:126) ~[hibernate-core-6.6.8.Final.jar:6.6.8.Final]
	at org.hibernate.engine.jdbc.env.internal.JdbcEnvironmentInitiator$ConnectionProviderJdbcConnectionAccess.obtainConnection(JdbcEnvironmentInitiator.java:467) ~[hibernate-core-6.6.8.Final.jar:6.6.8.Final]
	at org.hibernate.resource.transaction.backend.jdbc.internal.JdbcIsolationDelegate.delegateWork(JdbcIsolationDelegate.java:61) ~[hibernate-core-6.6.8.Final.jar:6.6.8.Final]
	... 35 common frames omitted
Caused by: java.net.ConnectException: Connection refused: getsockopt
	at java.base/sun.nio.ch.Net.pollConnect(Native Method) ~[na:na]
	at java.base/sun.nio.ch.Net.pollConnectNow(Net.java:682) ~[na:na]
	at java.base/sun.nio.ch.NioSocketImpl.timedFinishConnect(NioSocketImpl.java:542) ~[na:na]
	at java.base/sun.nio.ch.NioSocketImpl.connect(NioSocketImpl.java:592) ~[na:na]
	at java.base/java.net.SocksSocketImpl.connect(SocksSocketImpl.java:327) ~[na:na]
	at java.base/java.net.Socket.connect(Socket.java:751) ~[na:na]
	at org.postgresql.core.PGStream.createSocket(PGStream.java:260) ~[postgresql-42.7.5.jar:42.7.5]
	at org.postgresql.core.PGStream.<init>(PGStream.java:121) ~[postgresql-42.7.5.jar:42.7.5]
	at org.postgresql.core.v3.ConnectionFactoryImpl.tryConnect(ConnectionFactoryImpl.java:140) ~[postgresql-42.7.5.jar:42.7.5]
	at org.postgresql.core.v3.ConnectionFactoryImpl.openConnectionImpl(ConnectionFactoryImpl.java:268) ~[postgresql-42.7.5.jar:42.7.5]
	... 49 common frames omitted

2026-02-04T23:15:38.265-06:00  WARN 7148 --- [product] [main] [                                                 ] org.hibernate.orm.deprecation            : HHH90000025: PostgreSQLDialect does not need to be specified explicitly using 'hibernate.dialect' (remove the property setting and it will be selected by default)
2026-02-04T23:15:38.275-06:00  INFO 7148 --- [product] [main] [                                                 ] org.hibernate.orm.connections.pooling    : HHH10001005: Database info:
	Database JDBC URL [Connecting through datasource 'HikariDataSource (null)']
	Database driver: undefined/unknown
	Database version: 12.0
	Autocommit mode: undefined/unknown
	Isolation level: undefined/unknown
	Minimum pool size: undefined/unknown
	Maximum pool size: undefined/unknown
2026-02-04T23:15:39.046-06:00  INFO 7148 --- [product] [main] [                                                 ] o.h.e.t.j.p.i.JtaPlatformInitiator       : HHH000489: No JTA platform available (set 'hibernate.transaction.jta.platform' to enable JTA platform integration)
2026-02-04T23:15:39.066-06:00  INFO 7148 --- [product] [main] [                                                 ] com.zaxxer.hikari.HikariDataSource       : HikariPool-1 - Starting...
2026-02-04T23:15:40.096-06:00  WARN 7148 --- [product] [main] [                                                 ] o.h.engine.jdbc.spi.SqlExceptionHelper   : SQL Error: 0, SQLState: 08001
2026-02-04T23:15:40.096-06:00 ERROR 7148 --- [product] [main] [                                                 ] o.h.engine.jdbc.spi.SqlExceptionHelper   : Connection to localhost:5432 refused. Check that the hostname and port are correct and that the postmaster is accepting TCP/IP connections.
2026-02-04T23:15:40.113-06:00 ERROR 7148 --- [product] [main] [                                                 ] j.LocalContainerEntityManagerFactoryBean : Failed to initialize JPA EntityManagerFactory: [PersistenceUnit: default] Unable to build Hibernate SessionFactory; nested exception is org.hibernate.exception.JDBCConnectionException: Unable to open JDBC Connection for DDL execution [Connection to localhost:5432 refused. Check that the hostname and port are correct and that the postmaster is accepting TCP/IP connections.] [n/a]
2026-02-04T23:15:40.114-06:00  WARN 7148 --- [product] [main] [                                                 ] ConfigServletWebServerApplicationContext : Exception encountered during context initialization - cancelling refresh attempt: org.springframework.beans.factory.BeanCreationException: Error creating bean with name 'entityManagerFactory' defined in class path resource [org/springframework/boot/autoconfigure/orm/jpa/HibernateJpaConfiguration.class]: [PersistenceUnit: default] Unable to build Hibernate SessionFactory; nested exception is org.hibernate.exception.JDBCConnectionException: Unable to open JDBC Connection for DDL execution [Connection to localhost:5432 refused. Check that the hostname and port are correct and that the postmaster is accepting TCP/IP connections.] [n/a]
2026-02-04T23:15:41.125-06:00  WARN 7148 --- [product] [main] [                                                 ] z.r.i.AsyncReporter$BoundedAsyncReporter : Timed out waiting for in-flight spans to send
2026-02-04T23:15:41.127-06:00  INFO 7148 --- [product] [main] [                                                 ] o.apache.catalina.core.StandardService   : Stopping service [Tomcat]
2026-02-04T23:15:41.156-06:00  INFO 7148 --- [product] [main] [                                                 ] .s.b.a.l.ConditionEvaluationReportLogger : 

Error starting ApplicationContext. To display the condition evaluation report re-run your application with 'debug' enabled.
2026-02-04T23:15:41.173-06:00 ERROR 7148 --- [product] [main] [                                                 ] o.s.boot.SpringApplication               : Application run failed

org.springframework.beans.factory.BeanCreationException: Error creating bean with name 'entityManagerFactory' defined in class path resource [org/springframework/boot/autoconfigure/orm/jpa/HibernateJpaConfiguration.class]: [PersistenceUnit: default] Unable to build Hibernate SessionFactory; nested exception is org.hibernate.exception.JDBCConnectionException: Unable to open JDBC Connection for DDL execution [Connection to localhost:5432 refused. Check that the hostname and port are correct and that the postmaster is accepting TCP/IP connections.] [n/a]
	at org.springframework.beans.factory.support.AbstractAutowireCapableBeanFactory.initializeBean(AbstractAutowireCapableBeanFactory.java:1812) ~[spring-beans-6.2.3.jar:6.2.3]
	at org.springframework.beans.factory.support.AbstractAutowireCapableBeanFactory.doCreateBean(AbstractAutowireCapableBeanFactory.java:601) ~[spring-beans-6.2.3.jar:6.2.3]
	at org.springframework.beans.factory.support.AbstractAutowireCapableBeanFactory.createBean(AbstractAutowireCapableBeanFactory.java:523) ~[spring-beans-6.2.3.jar:6.2.3]
	at org.springframework.beans.factory.support.AbstractBeanFactory.lambda$doGetBean$0(AbstractBeanFactory.java:339) ~[spring-beans-6.2.3.jar:6.2.3]
	at org.springframework.beans.factory.support.DefaultSingletonBeanRegistry.getSingleton(DefaultSingletonBeanRegistry.java:346) ~[spring-beans-6.2.3.jar:6.2.3]
	at org.springframework.beans.factory.support.AbstractBeanFactory.doGetBean(AbstractBeanFactory.java:337) ~[spring-beans-6.2.3.jar:6.2.3]
	at org.springframework.beans.factory.support.AbstractBeanFactory.getBean(AbstractBeanFactory.java:207) ~[spring-beans-6.2.3.jar:6.2.3]
	at org.springframework.context.support.AbstractApplicationContext.finishBeanFactoryInitialization(AbstractApplicationContext.java:970) ~[spring-context-6.2.3.jar:6.2.3]
	at org.springframework.context.support.AbstractApplicationContext.refresh(AbstractApplicationContext.java:627) ~[spring-context-6.2.3.jar:6.2.3]
	at org.springframework.boot.web.servlet.context.ServletWebServerApplicationContext.refresh(ServletWebServerApplicationContext.java:146) ~[spring-boot-3.4.3.jar:3.4.3]
	at org.springframework.boot.SpringApplication.refresh(SpringApplication.java:752) ~[spring-boot-3.4.3.jar:3.4.3]
	at org.springframework.boot.SpringApplication.refreshContext(SpringApplication.java:439) ~[spring-boot-3.4.3.jar:3.4.3]
	at org.springframework.boot.SpringApplication.run(SpringApplication.java:318) ~[spring-boot-3.4.3.jar:3.4.3]
	at org.springframework.boot.SpringApplication.run(SpringApplication.java:1361) ~[spring-boot-3.4.3.jar:3.4.3]
	at org.springframework.boot.SpringApplication.run(SpringApplication.java:1350) ~[spring-boot-3.4.3.jar:3.4.3]
	at com.indi.product.ProductApplication.main(ProductApplication.java:10) ~[classes/:na]
Caused by: jakarta.persistence.PersistenceException: [PersistenceUnit: default] Unable to build Hibernate SessionFactory; nested exception is org.hibernate.exception.JDBCConnectionException: Unable to open JDBC Connection for DDL execution [Connection to localhost:5432 refused. Check that the hostname and port are correct and that the postmaster is accepting TCP/IP connections.] [n/a]
	at org.springframework.orm.jpa.AbstractEntityManagerFactoryBean.buildNativeEntityManagerFactory(AbstractEntityManagerFactoryBean.java:431) ~[spring-orm-6.2.3.jar:6.2.3]
	at org.springframework.orm.jpa.AbstractEntityManagerFactoryBean.afterPropertiesSet(AbstractEntityManagerFactoryBean.java:400) ~[spring-orm-6.2.3.jar:6.2.3]
	at org.springframework.orm.jpa.LocalContainerEntityManagerFactoryBean.afterPropertiesSet(LocalContainerEntityManagerFactoryBean.java:366) ~[spring-orm-6.2.3.jar:6.2.3]
	at org.springframework.beans.factory.support.AbstractAutowireCapableBeanFactory.invokeInitMethods(AbstractAutowireCapableBeanFactory.java:1859) ~[spring-beans-6.2.3.jar:6.2.3]
	at org.springframework.beans.factory.support.AbstractAutowireCapableBeanFactory.initializeBean(AbstractAutowireCapableBeanFactory.java:1808) ~[spring-beans-6.2.3.jar:6.2.3]
	... 15 common frames omitted
Caused by: org.hibernate.exception.JDBCConnectionException: Unable to open JDBC Connection for DDL execution [Connection to localhost:5432 refused. Check that the hostname and port are correct and that the postmaster is accepting TCP/IP connections.] [n/a]
	at org.hibernate.exception.internal.SQLStateConversionDelegate.convert(SQLStateConversionDelegate.java:100) ~[hibernate-core-6.6.8.Final.jar:6.6.8.Final]
	at org.hibernate.exception.internal.StandardSQLExceptionConverter.convert(StandardSQLExceptionConverter.java:58) ~[hibernate-core-6.6.8.Final.jar:6.6.8.Final]
	at org.hibernate.engine.jdbc.spi.SqlExceptionHelper.convert(SqlExceptionHelper.java:108) ~[hibernate-core-6.6.8.Final.jar:6.6.8.Final]
	at org.hibernate.engine.jdbc.spi.SqlExceptionHelper.convert(SqlExceptionHelper.java:94) ~[hibernate-core-6.6.8.Final.jar:6.6.8.Final]
	at org.hibernate.resource.transaction.backend.jdbc.internal.DdlTransactionIsolatorNonJtaImpl.getIsolatedConnection(DdlTransactionIsolatorNonJtaImpl.java:74) ~[hibernate-core-6.6.8.Final.jar:6.6.8.Final]
	at org.hibernate.resource.transaction.backend.jdbc.internal.DdlTransactionIsolatorNonJtaImpl.getIsolatedConnection(DdlTransactionIsolatorNonJtaImpl.java:39) ~[hibernate-core-6.6.8.Final.jar:6.6.8.Final]
	at org.hibernate.tool.schema.internal.exec.ImprovedExtractionContextImpl.getJdbcConnection(ImprovedExtractionContextImpl.java:63) ~[hibernate-core-6.6.8.Final.jar:6.6.8.Final]
	at org.hibernate.tool.schema.extract.spi.ExtractionContext.getQueryResults(ExtractionContext.java:43) ~[hibernate-core-6.6.8.Final.jar:6.6.8.Final]
	at org.hibernate.tool.schema.extract.internal.SequenceInformationExtractorLegacyImpl.extractMetadata(SequenceInformationExtractorLegacyImpl.java:39) ~[hibernate-core-6.6.8.Final.jar:6.6.8.Final]
	at org.hibernate.tool.schema.extract.internal.DatabaseInformationImpl.initializeSequences(DatabaseInformationImpl.java:66) ~[hibernate-core-6.6.8.Final.jar:6.6.8.Final]
	at org.hibernate.tool.schema.extract.internal.DatabaseInformationImpl.<init>(DatabaseInformationImpl.java:60) ~[hibernate-core-6.6.8.Final.jar:6.6.8.Final]
	at org.hibernate.tool.schema.internal.Helper.buildDatabaseInformation(Helper.java:185) ~[hibernate-core-6.6.8.Final.jar:6.6.8.Final]
	at org.hibernate.tool.schema.internal.AbstractSchemaMigrator.doMigration(AbstractSchemaMigrator.java:93) ~[hibernate-core-6.6.8.Final.jar:6.6.8.Final]
	at org.hibernate.tool.schema.spi.SchemaManagementToolCoordinator.performDatabaseAction(SchemaManagementToolCoordinator.java:280) ~[hibernate-core-6.6.8.Final.jar:6.6.8.Final]
	at org.hibernate.tool.schema.spi.SchemaManagementToolCoordinator.lambda$process$5(SchemaManagementToolCoordinator.java:144) ~[hibernate-core-6.6.8.Final.jar:6.6.8.Final]
	at java.base/java.util.HashMap.forEach(HashMap.java:1429) ~[na:na]
	at org.hibernate.tool.schema.spi.SchemaManagementToolCoordinator.process(SchemaManagementToolCoordinator.java:141) ~[hibernate-core-6.6.8.Final.jar:6.6.8.Final]
	at org.hibernate.boot.internal.SessionFactoryObserverForSchemaExport.sessionFactoryCreated(SessionFactoryObserverForSchemaExport.java:37) ~[hibernate-core-6.6.8.Final.jar:6.6.8.Final]
	at org.hibernate.internal.SessionFactoryObserverChain.sessionFactoryCreated(SessionFactoryObserverChain.java:35) ~[hibernate-core-6.6.8.Final.jar:6.6.8.Final]
	at org.hibernate.internal.SessionFactoryImpl.<init>(SessionFactoryImpl.java:324) ~[hibernate-core-6.6.8.Final.jar:6.6.8.Final]
	at org.hibernate.boot.internal.SessionFactoryBuilderImpl.build(SessionFactoryBuilderImpl.java:463) ~[hibernate-core-6.6.8.Final.jar:6.6.8.Final]
	at org.hibernate.jpa.boot.internal.EntityManagerFactoryBuilderImpl.build(EntityManagerFactoryBuilderImpl.java:1517) ~[hibernate-core-6.6.8.Final.jar:6.6.8.Final]
	at org.springframework.orm.jpa.vendor.SpringHibernateJpaPersistenceProvider.createContainerEntityManagerFactory(SpringHibernateJpaPersistenceProvider.java:66) ~[spring-orm-6.2.3.jar:6.2.3]
	at org.springframework.orm.jpa.LocalContainerEntityManagerFactoryBean.createNativeEntityManagerFactory(LocalContainerEntityManagerFactoryBean.java:390) ~[spring-orm-6.2.3.jar:6.2.3]
	at org.springframework.orm.jpa.AbstractEntityManagerFactoryBean.buildNativeEntityManagerFactory(AbstractEntityManagerFactoryBean.java:419) ~[spring-orm-6.2.3.jar:6.2.3]
	... 19 common frames omitted
Caused by: org.postgresql.util.PSQLException: Connection to localhost:5432 refused. Check that the hostname and port are correct and that the postmaster is accepting TCP/IP connections.
	at org.postgresql.core.v3.ConnectionFactoryImpl.openConnectionImpl(ConnectionFactoryImpl.java:352) ~[postgresql-42.7.5.jar:42.7.5]
	at org.postgresql.core.ConnectionFactory.openConnection(ConnectionFactory.java:54) ~[postgresql-42.7.5.jar:42.7.5]
	at org.postgresql.jdbc.PgConnection.<init>(PgConnection.java:273) ~[postgresql-42.7.5.jar:42.7.5]
	at org.postgresql.Driver.makeConnection(Driver.java:446) ~[postgresql-42.7.5.jar:42.7.5]
	at org.postgresql.Driver.connect(Driver.java:298) ~[postgresql-42.7.5.jar:42.7.5]
	at com.zaxxer.hikari.util.DriverDataSource.getConnection(DriverDataSource.java:137) ~[HikariCP-5.1.0.jar:na]
	at com.zaxxer.hikari.pool.PoolBase.newConnection(PoolBase.java:360) ~[HikariCP-5.1.0.jar:na]
	at com.zaxxer.hikari.pool.PoolBase.newPoolEntry(PoolBase.java:202) ~[HikariCP-5.1.0.jar:na]
	at com.zaxxer.hikari.pool.HikariPool.createPoolEntry(HikariPool.java:461) ~[HikariCP-5.1.0.jar:na]
	at com.zaxxer.hikari.pool.HikariPool.checkFailFast(HikariPool.java:550) ~[HikariCP-5.1.0.jar:na]
	at com.zaxxer.hikari.pool.HikariPool.<init>(HikariPool.java:98) ~[HikariCP-5.1.0.jar:na]
	at com.zaxxer.hikari.HikariDataSource.getConnection(HikariDataSource.java:111) ~[HikariCP-5.1.0.jar:na]
	at org.hibernate.engine.jdbc.connections.internal.DatasourceConnectionProviderImpl.getConnection(DatasourceConnectionProviderImpl.java:126) ~[hibernate-core-6.6.8.Final.jar:6.6.8.Final]
	at org.hibernate.engine.jdbc.env.internal.JdbcEnvironmentInitiator$ConnectionProviderJdbcConnectionAccess.obtainConnection(JdbcEnvironmentInitiator.java:467) ~[hibernate-core-6.6.8.Final.jar:6.6.8.Final]
	at org.hibernate.resource.transaction.backend.jdbc.internal.DdlTransactionIsolatorNonJtaImpl.getIsolatedConnection(DdlTransactionIsolatorNonJtaImpl.java:46) ~[hibernate-core-6.6.8.Final.jar:6.6.8.Final]
	... 39 common frames omitted
Caused by: java.net.ConnectException: Connection refused: getsockopt
	at java.base/sun.nio.ch.Net.pollConnect(Native Method) ~[na:na]
	at java.base/sun.nio.ch.Net.pollConnectNow(Net.java:682) ~[na:na]
	at java.base/sun.nio.ch.NioSocketImpl.timedFinishConnect(NioSocketImpl.java:542) ~[na:na]
	at java.base/sun.nio.ch.NioSocketImpl.connect(NioSocketImpl.java:592) ~[na:na]
	at java.base/java.net.SocksSocketImpl.connect(SocksSocketImpl.java:327) ~[na:na]
	at java.base/java.net.Socket.connect(Socket.java:751) ~[na:na]
	at org.postgresql.core.PGStream.createSocket(PGStream.java:260) ~[postgresql-42.7.5.jar:42.7.5]
	at org.postgresql.core.PGStream.<init>(PGStream.java:121) ~[postgresql-42.7.5.jar:42.7.5]
	at org.postgresql.core.v3.ConnectionFactoryImpl.tryConnect(ConnectionFactoryImpl.java:140) ~[postgresql-42.7.5.jar:42.7.5]
	at org.postgresql.core.v3.ConnectionFactoryImpl.openConnectionImpl(ConnectionFactoryImpl.java:268) ~[postgresql-42.7.5.jar:42.7.5]
	... 53 common frames omitted

2026-02-04T23:16:01.777-06:00  INFO 18824 --- [product] [main] [                                                 ] com.indi.product.ProductApplication      : Starting ProductApplication using Java 21.0.6 with PID 18824 (C:\Users\Fanta\Documents\01-desarrollo\A8_microservices_kubernetes_india\B3_secc_18_eureka_ecomm-api-gateway\product\target\classes started by Fanta in C:\Users\Fanta\Documents\01-desarrollo\A8_microservices_kubernetes_india\B3_secc_18_eureka_ecomm-api-gateway)
2026-02-04T23:16:01.786-06:00  INFO 18824 --- [product] [main] [                                                 ] com.indi.product.ProductApplication      : No active profile set, falling back to 1 default profile: "default"
2026-02-04T23:16:01.865-06:00  INFO 18824 --- [product] [main] [                                                 ] o.s.c.c.c.ConfigServerConfigDataLoader   : Fetching config from server at : http://localhost:8888
2026-02-04T23:16:01.865-06:00  INFO 18824 --- [product] [main] [                                                 ] o.s.c.c.c.ConfigServerConfigDataLoader   : Located environment: name=product, profiles=[default], label=null, version=null, state=null
2026-02-04T23:16:03.662-06:00  INFO 18824 --- [product] [main] [                                                 ] .s.d.r.c.RepositoryConfigurationDelegate : Bootstrapping Spring Data JPA repositories in DEFAULT mode.
2026-02-04T23:16:03.815-06:00  INFO 18824 --- [product] [main] [                                                 ] .s.d.r.c.RepositoryConfigurationDelegate : Finished Spring Data repository scanning in 134 ms. Found 1 JPA repository interface.
2026-02-04T23:16:04.136-06:00  INFO 18824 --- [product] [main] [                                                 ] faultConfiguringBeanFactoryPostProcessor : No bean named 'errorChannel' has been explicitly defined. Therefore, a default PublishSubscribeChannel will be created.
2026-02-04T23:16:04.150-06:00  INFO 18824 --- [product] [main] [                                                 ] faultConfiguringBeanFactoryPostProcessor : No bean named 'integrationHeaderChannelRegistry' has been explicitly defined. Therefore, a default DefaultHeaderChannelRegistry will be created.
2026-02-04T23:16:04.303-06:00  INFO 18824 --- [product] [main] [                                                 ] o.s.cloud.context.scope.GenericScope     : BeanFactory id=15e9243a-d305-3144-9dfa-5af58499331f
2026-02-04T23:16:04.791-06:00  WARN 18824 --- [product] [main] [                                                 ] trationDelegate$BeanPostProcessorChecker : Bean 'org.springframework.boot.autoconfigure.integration.IntegrationAutoConfiguration$IntegrationJmxConfiguration' of type [org.springframework.boot.autoconfigure.integration.IntegrationAutoConfiguration$IntegrationJmxConfiguration] is not eligible for getting processed by all BeanPostProcessors (for example: not eligible for auto-proxying). The currently created BeanPostProcessor [integrationMbeanExporter] is declared through a non-static factory method on that class; consider declaring it as static instead.
2026-02-04T23:16:04.807-06:00  WARN 18824 --- [product] [main] [                                                 ] trationDelegate$BeanPostProcessorChecker : Bean 'org.springframework.cloud.stream.config.BindersHealthIndicatorAutoConfiguration' of type [org.springframework.cloud.stream.config.BindersHealthIndicatorAutoConfiguration] is not eligible for getting processed by all BeanPostProcessors (for example: not eligible for auto-proxying). Is this bean getting eagerly injected/applied to a currently created BeanPostProcessor [integrationMbeanExporter]? Check the corresponding BeanPostProcessor declaration and its dependencies/advisors. If this bean does not have to be post-processed, declare it with ROLE_INFRASTRUCTURE.
2026-02-04T23:16:04.811-06:00  WARN 18824 --- [product] [main] [                                                 ] trationDelegate$BeanPostProcessorChecker : Bean 'bindersHealthContributor' of type [org.springframework.cloud.stream.config.BindersHealthIndicatorAutoConfiguration$BindersHealthContributor] is not eligible for getting processed by all BeanPostProcessors (for example: not eligible for auto-proxying). Is this bean getting eagerly injected/applied to a currently created BeanPostProcessor [integrationMbeanExporter]? Check the corresponding BeanPostProcessor declaration and its dependencies/advisors. If this bean does not have to be post-processed, declare it with ROLE_INFRASTRUCTURE.
2026-02-04T23:16:04.818-06:00  WARN 18824 --- [product] [main] [                                                 ] trationDelegate$BeanPostProcessorChecker : Bean 'bindersHealthIndicatorListener' of type [org.springframework.cloud.stream.config.BindersHealthIndicatorAutoConfiguration$BindersHealthIndicatorListener] is not eligible for getting processed by all BeanPostProcessors (for example: not eligible for auto-proxying). Is this bean getting eagerly injected/applied to a currently created BeanPostProcessor [integrationMbeanExporter]? Check the corresponding BeanPostProcessor declaration and its dependencies/advisors. If this bean does not have to be post-processed, declare it with ROLE_INFRASTRUCTURE.
2026-02-04T23:16:04.829-06:00  WARN 18824 --- [product] [main] [                                                 ] trationDelegate$BeanPostProcessorChecker : Bean 'org.springframework.cloud.stream.binder.rabbit.config.ExtendedBindingHandlerMappingsProviderConfiguration' of type [org.springframework.cloud.stream.binder.rabbit.config.ExtendedBindingHandlerMappingsProviderConfiguration] is not eligible for getting processed by all BeanPostProcessors (for example: not eligible for auto-proxying). Is this bean getting eagerly injected/applied to a currently created BeanPostProcessor [integrationMbeanExporter]? Check the corresponding BeanPostProcessor declaration and its dependencies/advisors. If this bean does not have to be post-processed, declare it with ROLE_INFRASTRUCTURE.
2026-02-04T23:16:04.832-06:00  WARN 18824 --- [product] [main] [                                                 ] trationDelegate$BeanPostProcessorChecker : Bean 'rabbitExtendedPropertiesDefaultMappingsProvider' of type [org.springframework.cloud.stream.binder.rabbit.config.ExtendedBindingHandlerMappingsProviderConfiguration$$Lambda/0x000002a401606390] is not eligible for getting processed by all BeanPostProcessors (for example: not eligible for auto-proxying). Is this bean getting eagerly injected/applied to a currently created BeanPostProcessor [integrationMbeanExporter]? Check the corresponding BeanPostProcessor declaration and its dependencies/advisors. If this bean does not have to be post-processed, declare it with ROLE_INFRASTRUCTURE.
2026-02-04T23:16:04.836-06:00  WARN 18824 --- [product] [main] [                                                 ] trationDelegate$BeanPostProcessorChecker : Bean 'BindingHandlerAdvise' of type [org.springframework.cloud.stream.config.BindingHandlerAdvise] is not eligible for getting processed by all BeanPostProcessors (for example: not eligible for auto-proxying). Is this bean getting eagerly injected/applied to a currently created BeanPostProcessor [integrationMbeanExporter]? Check the corresponding BeanPostProcessor declaration and its dependencies/advisors. If this bean does not have to be post-processed, declare it with ROLE_INFRASTRUCTURE.
2026-02-04T23:16:04.839-06:00  WARN 18824 --- [product] [main] [                                                 ] trationDelegate$BeanPostProcessorChecker : Bean 'org.springframework.cloud.commons.config.CommonsConfigAutoConfiguration' of type [org.springframework.cloud.commons.config.CommonsConfigAutoConfiguration] is not eligible for getting processed by all BeanPostProcessors (for example: not eligible for auto-proxying). Is this bean getting eagerly injected/applied to a currently created BeanPostProcessor [integrationMbeanExporter]? Check the corresponding BeanPostProcessor declaration and its dependencies/advisors. If this bean does not have to be post-processed, declare it with ROLE_INFRASTRUCTURE.
2026-02-04T23:16:04.843-06:00  WARN 18824 --- [product] [main] [                                                 ] trationDelegate$BeanPostProcessorChecker : Bean 'org.springframework.cloud.client.loadbalancer.LoadBalancerDefaultMappingsProviderAutoConfiguration' of type [org.springframework.cloud.client.loadbalancer.LoadBalancerDefaultMappingsProviderAutoConfiguration] is not eligible for getting processed by all BeanPostProcessors (for example: not eligible for auto-proxying). Is this bean getting eagerly injected/applied to a currently created BeanPostProcessor [integrationMbeanExporter]? Check the corresponding BeanPostProcessor declaration and its dependencies/advisors. If this bean does not have to be post-processed, declare it with ROLE_INFRASTRUCTURE.
2026-02-04T23:16:04.846-06:00  WARN 18824 --- [product] [main] [                                                 ] trationDelegate$BeanPostProcessorChecker : Bean 'loadBalancerClientsDefaultsMappingsProvider' of type [org.springframework.cloud.client.loadbalancer.LoadBalancerDefaultMappingsProviderAutoConfiguration$$Lambda/0x000002a4016065a0] is not eligible for getting processed by all BeanPostProcessors (for example: not eligible for auto-proxying). Is this bean getting eagerly injected/applied to a currently created BeanPostProcessor [integrationMbeanExporter]? Check the corresponding BeanPostProcessor declaration and its dependencies/advisors. If this bean does not have to be post-processed, declare it with ROLE_INFRASTRUCTURE.
2026-02-04T23:16:04.851-06:00  WARN 18824 --- [product] [main] [                                                 ] trationDelegate$BeanPostProcessorChecker : Bean 'defaultsBindHandlerAdvisor' of type [org.springframework.cloud.commons.config.DefaultsBindHandlerAdvisor] is not eligible for getting processed by all BeanPostProcessors (for example: not eligible for auto-proxying). Is this bean getting eagerly injected/applied to a currently created BeanPostProcessor [integrationMbeanExporter]? Check the corresponding BeanPostProcessor declaration and its dependencies/advisors. If this bean does not have to be post-processed, declare it with ROLE_INFRASTRUCTURE.
2026-02-04T23:16:04.874-06:00  WARN 18824 --- [product] [main] [                                                 ] trationDelegate$BeanPostProcessorChecker : Bean 'spelConverter' of type [org.springframework.cloud.stream.config.SpelExpressionConverterConfiguration$SpelConverter] is not eligible for getting processed by all BeanPostProcessors (for example: not eligible for auto-proxying). Is this bean getting eagerly injected/applied to a currently created BeanPostProcessor [integrationMbeanExporter]? Check the corresponding BeanPostProcessor declaration and its dependencies/advisors. If this bean does not have to be post-processed, declare it with ROLE_INFRASTRUCTURE.
2026-02-04T23:16:04.887-06:00  WARN 18824 --- [product] [main] [                                                 ] trationDelegate$BeanPostProcessorChecker : Bean 'spring.jmx-org.springframework.boot.autoconfigure.jmx.JmxProperties' of type [org.springframework.boot.autoconfigure.jmx.JmxProperties] is not eligible for getting processed by all BeanPostProcessors (for example: not eligible for auto-proxying). Is this bean getting eagerly injected/applied to a currently created BeanPostProcessor [integrationMbeanExporter]? Check the corresponding BeanPostProcessor declaration and its dependencies/advisors. If this bean does not have to be post-processed, declare it with ROLE_INFRASTRUCTURE.
2026-02-04T23:16:04.903-06:00  WARN 18824 --- [product] [main] [                                                 ] trationDelegate$BeanPostProcessorChecker : Bean 'org.springframework.boot.autoconfigure.jmx.JmxAutoConfiguration' of type [org.springframework.boot.autoconfigure.jmx.JmxAutoConfiguration] is not eligible for getting processed by all BeanPostProcessors (for example: not eligible for auto-proxying). Is this bean getting eagerly injected/applied to a currently created BeanPostProcessor [integrationMbeanExporter]? Check the corresponding BeanPostProcessor declaration and its dependencies/advisors. If this bean does not have to be post-processed, declare it with ROLE_INFRASTRUCTURE.
2026-02-04T23:16:04.908-06:00  WARN 18824 --- [product] [main] [                                                 ] trationDelegate$BeanPostProcessorChecker : Bean 'mbeanServer' of type [com.sun.jmx.mbeanserver.JmxMBeanServer] is not eligible for getting processed by all BeanPostProcessors (for example: not eligible for auto-proxying). Is this bean getting eagerly injected/applied to a currently created BeanPostProcessor [integrationMbeanExporter]? Check the corresponding BeanPostProcessor declaration and its dependencies/advisors. If this bean does not have to be post-processed, declare it with ROLE_INFRASTRUCTURE.
2026-02-04T23:16:05.558-06:00  INFO 18824 --- [product] [main] [                                                 ] o.s.b.w.embedded.tomcat.TomcatWebServer  : Tomcat initialized with port 8081 (http)
2026-02-04T23:16:05.575-06:00  INFO 18824 --- [product] [main] [                                                 ] o.apache.catalina.core.StandardService   : Starting service [Tomcat]
2026-02-04T23:16:05.576-06:00  INFO 18824 --- [product] [main] [                                                 ] o.apache.catalina.core.StandardEngine    : Starting Servlet engine: [Apache Tomcat/10.1.36]
2026-02-04T23:16:05.682-06:00  INFO 18824 --- [product] [main] [                                                 ] o.a.c.c.C.[Tomcat].[localhost].[/]       : Initializing Spring embedded WebApplicationContext
2026-02-04T23:16:05.683-06:00  INFO 18824 --- [product] [main] [                                                 ] w.s.c.ServletWebServerApplicationContext : Root WebApplicationContext: initialization completed in 3814 ms
2026-02-04T23:16:06.705-06:00  INFO 18824 --- [product] [main] [                                                 ] o.hibernate.jpa.internal.util.LogHelper  : HHH000204: Processing PersistenceUnitInfo [name: default]
2026-02-04T23:16:06.772-06:00  INFO 18824 --- [product] [main] [                                                 ] org.hibernate.Version                    : HHH000412: Hibernate ORM core version 6.6.8.Final
2026-02-04T23:16:06.806-06:00  INFO 18824 --- [product] [main] [                                                 ] o.h.c.internal.RegionFactoryInitiator    : HHH000026: Second-level cache disabled
2026-02-04T23:16:07.047-06:00  INFO 18824 --- [product] [main] [                                                 ] o.s.o.j.p.SpringPersistenceUnitInfo      : No LoadTimeWeaver setup: ignoring JPA class transformer
2026-02-04T23:16:07.082-06:00  INFO 18824 --- [product] [main] [                                                 ] com.zaxxer.hikari.HikariDataSource       : HikariPool-1 - Starting...
2026-02-04T23:16:08.152-06:00  WARN 18824 --- [product] [main] [                                                 ] o.h.engine.jdbc.spi.SqlExceptionHelper   : SQL Error: 0, SQLState: 08001
2026-02-04T23:16:08.153-06:00 ERROR 18824 --- [product] [main] [                                                 ] o.h.engine.jdbc.spi.SqlExceptionHelper   : Connection to localhost:5432 refused. Check that the hostname and port are correct and that the postmaster is accepting TCP/IP connections.
2026-02-04T23:16:08.153-06:00  WARN 18824 --- [product] [main] [                                                 ] o.h.e.j.e.i.JdbcEnvironmentInitiator     : HHH000342: Could not obtain connection to query metadata

org.hibernate.exception.JDBCConnectionException: unable to obtain isolated JDBC connection [Connection to localhost:5432 refused. Check that the hostname and port are correct and that the postmaster is accepting TCP/IP connections.] [n/a]
	at org.hibernate.exception.internal.SQLStateConversionDelegate.convert(SQLStateConversionDelegate.java:100) ~[hibernate-core-6.6.8.Final.jar:6.6.8.Final]
	at org.hibernate.exception.internal.StandardSQLExceptionConverter.convert(StandardSQLExceptionConverter.java:58) ~[hibernate-core-6.6.8.Final.jar:6.6.8.Final]
	at org.hibernate.engine.jdbc.spi.SqlExceptionHelper.convert(SqlExceptionHelper.java:108) ~[hibernate-core-6.6.8.Final.jar:6.6.8.Final]
	at org.hibernate.engine.jdbc.spi.SqlExceptionHelper.convert(SqlExceptionHelper.java:94) ~[hibernate-core-6.6.8.Final.jar:6.6.8.Final]
	at org.hibernate.resource.transaction.backend.jdbc.internal.JdbcIsolationDelegate.delegateWork(JdbcIsolationDelegate.java:116) ~[hibernate-core-6.6.8.Final.jar:6.6.8.Final]
	at org.hibernate.engine.jdbc.env.internal.JdbcEnvironmentInitiator.getJdbcEnvironmentUsingJdbcMetadata(JdbcEnvironmentInitiator.java:320) ~[hibernate-core-6.6.8.Final.jar:6.6.8.Final]
	at org.hibernate.engine.jdbc.env.internal.JdbcEnvironmentInitiator.initiateService(JdbcEnvironmentInitiator.java:129) ~[hibernate-core-6.6.8.Final.jar:6.6.8.Final]
	at org.hibernate.engine.jdbc.env.internal.JdbcEnvironmentInitiator.initiateService(JdbcEnvironmentInitiator.java:81) ~[hibernate-core-6.6.8.Final.jar:6.6.8.Final]
	at org.hibernate.boot.registry.internal.StandardServiceRegistryImpl.initiateService(StandardServiceRegistryImpl.java:130) ~[hibernate-core-6.6.8.Final.jar:6.6.8.Final]
	at org.hibernate.service.internal.AbstractServiceRegistryImpl.createService(AbstractServiceRegistryImpl.java:263) ~[hibernate-core-6.6.8.Final.jar:6.6.8.Final]
	at org.hibernate.service.internal.AbstractServiceRegistryImpl.initializeService(AbstractServiceRegistryImpl.java:238) ~[hibernate-core-6.6.8.Final.jar:6.6.8.Final]
	at org.hibernate.service.internal.AbstractServiceRegistryImpl.getService(AbstractServiceRegistryImpl.java:215) ~[hibernate-core-6.6.8.Final.jar:6.6.8.Final]
	at org.hibernate.boot.model.relational.Database.<init>(Database.java:45) ~[hibernate-core-6.6.8.Final.jar:6.6.8.Final]
	at org.hibernate.boot.internal.InFlightMetadataCollectorImpl.getDatabase(InFlightMetadataCollectorImpl.java:226) ~[hibernate-core-6.6.8.Final.jar:6.6.8.Final]
	at org.hibernate.boot.internal.InFlightMetadataCollectorImpl.<init>(InFlightMetadataCollectorImpl.java:194) ~[hibernate-core-6.6.8.Final.jar:6.6.8.Final]
	at org.hibernate.boot.model.process.spi.MetadataBuildingProcess.complete(MetadataBuildingProcess.java:171) ~[hibernate-core-6.6.8.Final.jar:6.6.8.Final]
	at org.hibernate.jpa.boot.internal.EntityManagerFactoryBuilderImpl.metadata(EntityManagerFactoryBuilderImpl.java:1442) ~[hibernate-core-6.6.8.Final.jar:6.6.8.Final]
	at org.hibernate.jpa.boot.internal.EntityManagerFactoryBuilderImpl.build(EntityManagerFactoryBuilderImpl.java:1513) ~[hibernate-core-6.6.8.Final.jar:6.6.8.Final]
	at org.springframework.orm.jpa.vendor.SpringHibernateJpaPersistenceProvider.createContainerEntityManagerFactory(SpringHibernateJpaPersistenceProvider.java:66) ~[spring-orm-6.2.3.jar:6.2.3]
	at org.springframework.orm.jpa.LocalContainerEntityManagerFactoryBean.createNativeEntityManagerFactory(LocalContainerEntityManagerFactoryBean.java:390) ~[spring-orm-6.2.3.jar:6.2.3]
	at org.springframework.orm.jpa.AbstractEntityManagerFactoryBean.buildNativeEntityManagerFactory(AbstractEntityManagerFactoryBean.java:419) ~[spring-orm-6.2.3.jar:6.2.3]
	at org.springframework.orm.jpa.AbstractEntityManagerFactoryBean.afterPropertiesSet(AbstractEntityManagerFactoryBean.java:400) ~[spring-orm-6.2.3.jar:6.2.3]
	at org.springframework.orm.jpa.LocalContainerEntityManagerFactoryBean.afterPropertiesSet(LocalContainerEntityManagerFactoryBean.java:366) ~[spring-orm-6.2.3.jar:6.2.3]
	at org.springframework.beans.factory.support.AbstractAutowireCapableBeanFactory.invokeInitMethods(AbstractAutowireCapableBeanFactory.java:1859) ~[spring-beans-6.2.3.jar:6.2.3]
	at org.springframework.beans.factory.support.AbstractAutowireCapableBeanFactory.initializeBean(AbstractAutowireCapableBeanFactory.java:1808) ~[spring-beans-6.2.3.jar:6.2.3]
	at org.springframework.beans.factory.support.AbstractAutowireCapableBeanFactory.doCreateBean(AbstractAutowireCapableBeanFactory.java:601) ~[spring-beans-6.2.3.jar:6.2.3]
	at org.springframework.beans.factory.support.AbstractAutowireCapableBeanFactory.createBean(AbstractAutowireCapableBeanFactory.java:523) ~[spring-beans-6.2.3.jar:6.2.3]
	at org.springframework.beans.factory.support.AbstractBeanFactory.lambda$doGetBean$0(AbstractBeanFactory.java:339) ~[spring-beans-6.2.3.jar:6.2.3]
	at org.springframework.beans.factory.support.DefaultSingletonBeanRegistry.getSingleton(DefaultSingletonBeanRegistry.java:346) ~[spring-beans-6.2.3.jar:6.2.3]
	at org.springframework.beans.factory.support.AbstractBeanFactory.doGetBean(AbstractBeanFactory.java:337) ~[spring-beans-6.2.3.jar:6.2.3]
	at org.springframework.beans.factory.support.AbstractBeanFactory.getBean(AbstractBeanFactory.java:207) ~[spring-beans-6.2.3.jar:6.2.3]
	at org.springframework.context.support.AbstractApplicationContext.finishBeanFactoryInitialization(AbstractApplicationContext.java:970) ~[spring-context-6.2.3.jar:6.2.3]
	at org.springframework.context.support.AbstractApplicationContext.refresh(AbstractApplicationContext.java:627) ~[spring-context-6.2.3.jar:6.2.3]
	at org.springframework.boot.web.servlet.context.ServletWebServerApplicationContext.refresh(ServletWebServerApplicationContext.java:146) ~[spring-boot-3.4.3.jar:3.4.3]
	at org.springframework.boot.SpringApplication.refresh(SpringApplication.java:752) ~[spring-boot-3.4.3.jar:3.4.3]
	at org.springframework.boot.SpringApplication.refreshContext(SpringApplication.java:439) ~[spring-boot-3.4.3.jar:3.4.3]
	at org.springframework.boot.SpringApplication.run(SpringApplication.java:318) ~[spring-boot-3.4.3.jar:3.4.3]
	at org.springframework.boot.SpringApplication.run(SpringApplication.java:1361) ~[spring-boot-3.4.3.jar:3.4.3]
	at org.springframework.boot.SpringApplication.run(SpringApplication.java:1350) ~[spring-boot-3.4.3.jar:3.4.3]
	at com.indi.product.ProductApplication.main(ProductApplication.java:10) ~[classes/:na]
Caused by: org.postgresql.util.PSQLException: Connection to localhost:5432 refused. Check that the hostname and port are correct and that the postmaster is accepting TCP/IP connections.
	at org.postgresql.core.v3.ConnectionFactoryImpl.openConnectionImpl(ConnectionFactoryImpl.java:352) ~[postgresql-42.7.5.jar:42.7.5]
	at org.postgresql.core.ConnectionFactory.openConnection(ConnectionFactory.java:54) ~[postgresql-42.7.5.jar:42.7.5]
	at org.postgresql.jdbc.PgConnection.<init>(PgConnection.java:273) ~[postgresql-42.7.5.jar:42.7.5]
	at org.postgresql.Driver.makeConnection(Driver.java:446) ~[postgresql-42.7.5.jar:42.7.5]
	at org.postgresql.Driver.connect(Driver.java:298) ~[postgresql-42.7.5.jar:42.7.5]
	at com.zaxxer.hikari.util.DriverDataSource.getConnection(DriverDataSource.java:137) ~[HikariCP-5.1.0.jar:na]
	at com.zaxxer.hikari.pool.PoolBase.newConnection(PoolBase.java:360) ~[HikariCP-5.1.0.jar:na]
	at com.zaxxer.hikari.pool.PoolBase.newPoolEntry(PoolBase.java:202) ~[HikariCP-5.1.0.jar:na]
	at com.zaxxer.hikari.pool.HikariPool.createPoolEntry(HikariPool.java:461) ~[HikariCP-5.1.0.jar:na]
	at com.zaxxer.hikari.pool.HikariPool.checkFailFast(HikariPool.java:550) ~[HikariCP-5.1.0.jar:na]
	at com.zaxxer.hikari.pool.HikariPool.<init>(HikariPool.java:98) ~[HikariCP-5.1.0.jar:na]
	at com.zaxxer.hikari.HikariDataSource.getConnection(HikariDataSource.java:111) ~[HikariCP-5.1.0.jar:na]
	at org.hibernate.engine.jdbc.connections.internal.DatasourceConnectionProviderImpl.getConnection(DatasourceConnectionProviderImpl.java:126) ~[hibernate-core-6.6.8.Final.jar:6.6.8.Final]
	at org.hibernate.engine.jdbc.env.internal.JdbcEnvironmentInitiator$ConnectionProviderJdbcConnectionAccess.obtainConnection(JdbcEnvironmentInitiator.java:467) ~[hibernate-core-6.6.8.Final.jar:6.6.8.Final]
	at org.hibernate.resource.transaction.backend.jdbc.internal.JdbcIsolationDelegate.delegateWork(JdbcIsolationDelegate.java:61) ~[hibernate-core-6.6.8.Final.jar:6.6.8.Final]
	... 35 common frames omitted
Caused by: java.net.ConnectException: Connection refused: getsockopt
	at java.base/sun.nio.ch.Net.pollConnect(Native Method) ~[na:na]
	at java.base/sun.nio.ch.Net.pollConnectNow(Net.java:682) ~[na:na]
	at java.base/sun.nio.ch.NioSocketImpl.timedFinishConnect(NioSocketImpl.java:542) ~[na:na]
	at java.base/sun.nio.ch.NioSocketImpl.connect(NioSocketImpl.java:592) ~[na:na]
	at java.base/java.net.SocksSocketImpl.connect(SocksSocketImpl.java:327) ~[na:na]
	at java.base/java.net.Socket.connect(Socket.java:751) ~[na:na]
	at org.postgresql.core.PGStream.createSocket(PGStream.java:260) ~[postgresql-42.7.5.jar:42.7.5]
	at org.postgresql.core.PGStream.<init>(PGStream.java:121) ~[postgresql-42.7.5.jar:42.7.5]
	at org.postgresql.core.v3.ConnectionFactoryImpl.tryConnect(ConnectionFactoryImpl.java:140) ~[postgresql-42.7.5.jar:42.7.5]
	at org.postgresql.core.v3.ConnectionFactoryImpl.openConnectionImpl(ConnectionFactoryImpl.java:268) ~[postgresql-42.7.5.jar:42.7.5]
	... 49 common frames omitted

2026-02-04T23:16:08.171-06:00  WARN 18824 --- [product] [main] [                                                 ] org.hibernate.orm.deprecation            : HHH90000025: PostgreSQLDialect does not need to be specified explicitly using 'hibernate.dialect' (remove the property setting and it will be selected by default)
2026-02-04T23:16:08.180-06:00  INFO 18824 --- [product] [main] [                                                 ] org.hibernate.orm.connections.pooling    : HHH10001005: Database info:
	Database JDBC URL [Connecting through datasource 'HikariDataSource (null)']
	Database driver: undefined/unknown
	Database version: 12.0
	Autocommit mode: undefined/unknown
	Isolation level: undefined/unknown
	Minimum pool size: undefined/unknown
	Maximum pool size: undefined/unknown
2026-02-04T23:16:08.849-06:00  INFO 18824 --- [product] [main] [                                                 ] o.h.e.t.j.p.i.JtaPlatformInitiator       : HHH000489: No JTA platform available (set 'hibernate.transaction.jta.platform' to enable JTA platform integration)
2026-02-04T23:16:08.865-06:00  INFO 18824 --- [product] [main] [                                                 ] com.zaxxer.hikari.HikariDataSource       : HikariPool-1 - Starting...
2026-02-04T23:16:09.876-06:00  WARN 18824 --- [product] [main] [                                                 ] o.h.engine.jdbc.spi.SqlExceptionHelper   : SQL Error: 0, SQLState: 08001
2026-02-04T23:16:09.877-06:00 ERROR 18824 --- [product] [main] [                                                 ] o.h.engine.jdbc.spi.SqlExceptionHelper   : Connection to localhost:5432 refused. Check that the hostname and port are correct and that the postmaster is accepting TCP/IP connections.
2026-02-04T23:16:09.880-06:00 ERROR 18824 --- [product] [main] [                                                 ] j.LocalContainerEntityManagerFactoryBean : Failed to initialize JPA EntityManagerFactory: [PersistenceUnit: default] Unable to build Hibernate SessionFactory; nested exception is org.hibernate.exception.JDBCConnectionException: Unable to open JDBC Connection for DDL execution [Connection to localhost:5432 refused. Check that the hostname and port are correct and that the postmaster is accepting TCP/IP connections.] [n/a]
2026-02-04T23:16:09.882-06:00  WARN 18824 --- [product] [main] [                                                 ] ConfigServletWebServerApplicationContext : Exception encountered during context initialization - cancelling refresh attempt: org.springframework.beans.factory.BeanCreationException: Error creating bean with name 'entityManagerFactory' defined in class path resource [org/springframework/boot/autoconfigure/orm/jpa/HibernateJpaConfiguration.class]: [PersistenceUnit: default] Unable to build Hibernate SessionFactory; nested exception is org.hibernate.exception.JDBCConnectionException: Unable to open JDBC Connection for DDL execution [Connection to localhost:5432 refused. Check that the hostname and port are correct and that the postmaster is accepting TCP/IP connections.] [n/a]
2026-02-04T23:16:10.888-06:00  WARN 18824 --- [product] [main] [                                                 ] z.r.i.AsyncReporter$BoundedAsyncReporter : Timed out waiting for in-flight spans to send
2026-02-04T23:16:10.891-06:00  INFO 18824 --- [product] [main] [                                                 ] o.apache.catalina.core.StandardService   : Stopping service [Tomcat]
2026-02-04T23:16:10.905-06:00  INFO 18824 --- [product] [main] [                                                 ] .s.b.a.l.ConditionEvaluationReportLogger : 

Error starting ApplicationContext. To display the condition evaluation report re-run your application with 'debug' enabled.
2026-02-04T23:16:10.920-06:00 ERROR 18824 --- [product] [main] [                                                 ] o.s.boot.SpringApplication               : Application run failed

org.springframework.beans.factory.BeanCreationException: Error creating bean with name 'entityManagerFactory' defined in class path resource [org/springframework/boot/autoconfigure/orm/jpa/HibernateJpaConfiguration.class]: [PersistenceUnit: default] Unable to build Hibernate SessionFactory; nested exception is org.hibernate.exception.JDBCConnectionException: Unable to open JDBC Connection for DDL execution [Connection to localhost:5432 refused. Check that the hostname and port are correct and that the postmaster is accepting TCP/IP connections.] [n/a]
	at org.springframework.beans.factory.support.AbstractAutowireCapableBeanFactory.initializeBean(AbstractAutowireCapableBeanFactory.java:1812) ~[spring-beans-6.2.3.jar:6.2.3]
	at org.springframework.beans.factory.support.AbstractAutowireCapableBeanFactory.doCreateBean(AbstractAutowireCapableBeanFactory.java:601) ~[spring-beans-6.2.3.jar:6.2.3]
	at org.springframework.beans.factory.support.AbstractAutowireCapableBeanFactory.createBean(AbstractAutowireCapableBeanFactory.java:523) ~[spring-beans-6.2.3.jar:6.2.3]
	at org.springframework.beans.factory.support.AbstractBeanFactory.lambda$doGetBean$0(AbstractBeanFactory.java:339) ~[spring-beans-6.2.3.jar:6.2.3]
	at org.springframework.beans.factory.support.DefaultSingletonBeanRegistry.getSingleton(DefaultSingletonBeanRegistry.java:346) ~[spring-beans-6.2.3.jar:6.2.3]
	at org.springframework.beans.factory.support.AbstractBeanFactory.doGetBean(AbstractBeanFactory.java:337) ~[spring-beans-6.2.3.jar:6.2.3]
	at org.springframework.beans.factory.support.AbstractBeanFactory.getBean(AbstractBeanFactory.java:207) ~[spring-beans-6.2.3.jar:6.2.3]
	at org.springframework.context.support.AbstractApplicationContext.finishBeanFactoryInitialization(AbstractApplicationContext.java:970) ~[spring-context-6.2.3.jar:6.2.3]
	at org.springframework.context.support.AbstractApplicationContext.refresh(AbstractApplicationContext.java:627) ~[spring-context-6.2.3.jar:6.2.3]
	at org.springframework.boot.web.servlet.context.ServletWebServerApplicationContext.refresh(ServletWebServerApplicationContext.java:146) ~[spring-boot-3.4.3.jar:3.4.3]
	at org.springframework.boot.SpringApplication.refresh(SpringApplication.java:752) ~[spring-boot-3.4.3.jar:3.4.3]
	at org.springframework.boot.SpringApplication.refreshContext(SpringApplication.java:439) ~[spring-boot-3.4.3.jar:3.4.3]
	at org.springframework.boot.SpringApplication.run(SpringApplication.java:318) ~[spring-boot-3.4.3.jar:3.4.3]
	at org.springframework.boot.SpringApplication.run(SpringApplication.java:1361) ~[spring-boot-3.4.3.jar:3.4.3]
	at org.springframework.boot.SpringApplication.run(SpringApplication.java:1350) ~[spring-boot-3.4.3.jar:3.4.3]
	at com.indi.product.ProductApplication.main(ProductApplication.java:10) ~[classes/:na]
Caused by: jakarta.persistence.PersistenceException: [PersistenceUnit: default] Unable to build Hibernate SessionFactory; nested exception is org.hibernate.exception.JDBCConnectionException: Unable to open JDBC Connection for DDL execution [Connection to localhost:5432 refused. Check that the hostname and port are correct and that the postmaster is accepting TCP/IP connections.] [n/a]
	at org.springframework.orm.jpa.AbstractEntityManagerFactoryBean.buildNativeEntityManagerFactory(AbstractEntityManagerFactoryBean.java:431) ~[spring-orm-6.2.3.jar:6.2.3]
	at org.springframework.orm.jpa.AbstractEntityManagerFactoryBean.afterPropertiesSet(AbstractEntityManagerFactoryBean.java:400) ~[spring-orm-6.2.3.jar:6.2.3]
	at org.springframework.orm.jpa.LocalContainerEntityManagerFactoryBean.afterPropertiesSet(LocalContainerEntityManagerFactoryBean.java:366) ~[spring-orm-6.2.3.jar:6.2.3]
	at org.springframework.beans.factory.support.AbstractAutowireCapableBeanFactory.invokeInitMethods(AbstractAutowireCapableBeanFactory.java:1859) ~[spring-beans-6.2.3.jar:6.2.3]
	at org.springframework.beans.factory.support.AbstractAutowireCapableBeanFactory.initializeBean(AbstractAutowireCapableBeanFactory.java:1808) ~[spring-beans-6.2.3.jar:6.2.3]
	... 15 common frames omitted
Caused by: org.hibernate.exception.JDBCConnectionException: Unable to open JDBC Connection for DDL execution [Connection to localhost:5432 refused. Check that the hostname and port are correct and that the postmaster is accepting TCP/IP connections.] [n/a]
	at org.hibernate.exception.internal.SQLStateConversionDelegate.convert(SQLStateConversionDelegate.java:100) ~[hibernate-core-6.6.8.Final.jar:6.6.8.Final]
	at org.hibernate.exception.internal.StandardSQLExceptionConverter.convert(StandardSQLExceptionConverter.java:58) ~[hibernate-core-6.6.8.Final.jar:6.6.8.Final]
	at org.hibernate.engine.jdbc.spi.SqlExceptionHelper.convert(SqlExceptionHelper.java:108) ~[hibernate-core-6.6.8.Final.jar:6.6.8.Final]
	at org.hibernate.engine.jdbc.spi.SqlExceptionHelper.convert(SqlExceptionHelper.java:94) ~[hibernate-core-6.6.8.Final.jar:6.6.8.Final]
	at org.hibernate.resource.transaction.backend.jdbc.internal.DdlTransactionIsolatorNonJtaImpl.getIsolatedConnection(DdlTransactionIsolatorNonJtaImpl.java:74) ~[hibernate-core-6.6.8.Final.jar:6.6.8.Final]
	at org.hibernate.resource.transaction.backend.jdbc.internal.DdlTransactionIsolatorNonJtaImpl.getIsolatedConnection(DdlTransactionIsolatorNonJtaImpl.java:39) ~[hibernate-core-6.6.8.Final.jar:6.6.8.Final]
	at org.hibernate.tool.schema.internal.exec.ImprovedExtractionContextImpl.getJdbcConnection(ImprovedExtractionContextImpl.java:63) ~[hibernate-core-6.6.8.Final.jar:6.6.8.Final]
	at org.hibernate.tool.schema.extract.spi.ExtractionContext.getQueryResults(ExtractionContext.java:43) ~[hibernate-core-6.6.8.Final.jar:6.6.8.Final]
	at org.hibernate.tool.schema.extract.internal.SequenceInformationExtractorLegacyImpl.extractMetadata(SequenceInformationExtractorLegacyImpl.java:39) ~[hibernate-core-6.6.8.Final.jar:6.6.8.Final]
	at org.hibernate.tool.schema.extract.internal.DatabaseInformationImpl.initializeSequences(DatabaseInformationImpl.java:66) ~[hibernate-core-6.6.8.Final.jar:6.6.8.Final]
	at org.hibernate.tool.schema.extract.internal.DatabaseInformationImpl.<init>(DatabaseInformationImpl.java:60) ~[hibernate-core-6.6.8.Final.jar:6.6.8.Final]
	at org.hibernate.tool.schema.internal.Helper.buildDatabaseInformation(Helper.java:185) ~[hibernate-core-6.6.8.Final.jar:6.6.8.Final]
	at org.hibernate.tool.schema.internal.AbstractSchemaMigrator.doMigration(AbstractSchemaMigrator.java:93) ~[hibernate-core-6.6.8.Final.jar:6.6.8.Final]
	at org.hibernate.tool.schema.spi.SchemaManagementToolCoordinator.performDatabaseAction(SchemaManagementToolCoordinator.java:280) ~[hibernate-core-6.6.8.Final.jar:6.6.8.Final]
	at org.hibernate.tool.schema.spi.SchemaManagementToolCoordinator.lambda$process$5(SchemaManagementToolCoordinator.java:144) ~[hibernate-core-6.6.8.Final.jar:6.6.8.Final]
	at java.base/java.util.HashMap.forEach(HashMap.java:1429) ~[na:na]
	at org.hibernate.tool.schema.spi.SchemaManagementToolCoordinator.process(SchemaManagementToolCoordinator.java:141) ~[hibernate-core-6.6.8.Final.jar:6.6.8.Final]
	at org.hibernate.boot.internal.SessionFactoryObserverForSchemaExport.sessionFactoryCreated(SessionFactoryObserverForSchemaExport.java:37) ~[hibernate-core-6.6.8.Final.jar:6.6.8.Final]
	at org.hibernate.internal.SessionFactoryObserverChain.sessionFactoryCreated(SessionFactoryObserverChain.java:35) ~[hibernate-core-6.6.8.Final.jar:6.6.8.Final]
	at org.hibernate.internal.SessionFactoryImpl.<init>(SessionFactoryImpl.java:324) ~[hibernate-core-6.6.8.Final.jar:6.6.8.Final]
	at org.hibernate.boot.internal.SessionFactoryBuilderImpl.build(SessionFactoryBuilderImpl.java:463) ~[hibernate-core-6.6.8.Final.jar:6.6.8.Final]
	at org.hibernate.jpa.boot.internal.EntityManagerFactoryBuilderImpl.build(EntityManagerFactoryBuilderImpl.java:1517) ~[hibernate-core-6.6.8.Final.jar:6.6.8.Final]
	at org.springframework.orm.jpa.vendor.SpringHibernateJpaPersistenceProvider.createContainerEntityManagerFactory(SpringHibernateJpaPersistenceProvider.java:66) ~[spring-orm-6.2.3.jar:6.2.3]
	at org.springframework.orm.jpa.LocalContainerEntityManagerFactoryBean.createNativeEntityManagerFactory(LocalContainerEntityManagerFactoryBean.java:390) ~[spring-orm-6.2.3.jar:6.2.3]
	at org.springframework.orm.jpa.AbstractEntityManagerFactoryBean.buildNativeEntityManagerFactory(AbstractEntityManagerFactoryBean.java:419) ~[spring-orm-6.2.3.jar:6.2.3]
	... 19 common frames omitted
Caused by: org.postgresql.util.PSQLException: Connection to localhost:5432 refused. Check that the hostname and port are correct and that the postmaster is accepting TCP/IP connections.
	at org.postgresql.core.v3.ConnectionFactoryImpl.openConnectionImpl(ConnectionFactoryImpl.java:352) ~[postgresql-42.7.5.jar:42.7.5]
	at org.postgresql.core.ConnectionFactory.openConnection(ConnectionFactory.java:54) ~[postgresql-42.7.5.jar:42.7.5]
	at org.postgresql.jdbc.PgConnection.<init>(PgConnection.java:273) ~[postgresql-42.7.5.jar:42.7.5]
	at org.postgresql.Driver.makeConnection(Driver.java:446) ~[postgresql-42.7.5.jar:42.7.5]
	at org.postgresql.Driver.connect(Driver.java:298) ~[postgresql-42.7.5.jar:42.7.5]
	at com.zaxxer.hikari.util.DriverDataSource.getConnection(DriverDataSource.java:137) ~[HikariCP-5.1.0.jar:na]
	at com.zaxxer.hikari.pool.PoolBase.newConnection(PoolBase.java:360) ~[HikariCP-5.1.0.jar:na]
	at com.zaxxer.hikari.pool.PoolBase.newPoolEntry(PoolBase.java:202) ~[HikariCP-5.1.0.jar:na]
	at com.zaxxer.hikari.pool.HikariPool.createPoolEntry(HikariPool.java:461) ~[HikariCP-5.1.0.jar:na]
	at com.zaxxer.hikari.pool.HikariPool.checkFailFast(HikariPool.java:550) ~[HikariCP-5.1.0.jar:na]
	at com.zaxxer.hikari.pool.HikariPool.<init>(HikariPool.java:98) ~[HikariCP-5.1.0.jar:na]
	at com.zaxxer.hikari.HikariDataSource.getConnection(HikariDataSource.java:111) ~[HikariCP-5.1.0.jar:na]
	at org.hibernate.engine.jdbc.connections.internal.DatasourceConnectionProviderImpl.getConnection(DatasourceConnectionProviderImpl.java:126) ~[hibernate-core-6.6.8.Final.jar:6.6.8.Final]
	at org.hibernate.engine.jdbc.env.internal.JdbcEnvironmentInitiator$ConnectionProviderJdbcConnectionAccess.obtainConnection(JdbcEnvironmentInitiator.java:467) ~[hibernate-core-6.6.8.Final.jar:6.6.8.Final]
	at org.hibernate.resource.transaction.backend.jdbc.internal.DdlTransactionIsolatorNonJtaImpl.getIsolatedConnection(DdlTransactionIsolatorNonJtaImpl.java:46) ~[hibernate-core-6.6.8.Final.jar:6.6.8.Final]
	... 39 common frames omitted
Caused by: java.net.ConnectException: Connection refused: getsockopt
	at java.base/sun.nio.ch.Net.pollConnect(Native Method) ~[na:na]
	at java.base/sun.nio.ch.Net.pollConnectNow(Net.java:682) ~[na:na]
	at java.base/sun.nio.ch.NioSocketImpl.timedFinishConnect(NioSocketImpl.java:542) ~[na:na]
	at java.base/sun.nio.ch.NioSocketImpl.connect(NioSocketImpl.java:592) ~[na:na]
	at java.base/java.net.SocksSocketImpl.connect(SocksSocketImpl.java:327) ~[na:na]
	at java.base/java.net.Socket.connect(Socket.java:751) ~[na:na]
	at org.postgresql.core.PGStream.createSocket(PGStream.java:260) ~[postgresql-42.7.5.jar:42.7.5]
	at org.postgresql.core.PGStream.<init>(PGStream.java:121) ~[postgresql-42.7.5.jar:42.7.5]
	at org.postgresql.core.v3.ConnectionFactoryImpl.tryConnect(ConnectionFactoryImpl.java:140) ~[postgresql-42.7.5.jar:42.7.5]
	at org.postgresql.core.v3.ConnectionFactoryImpl.openConnectionImpl(ConnectionFactoryImpl.java:268) ~[postgresql-42.7.5.jar:42.7.5]
	... 53 common frames omitted

2026-02-04T23:16:34.284-06:00  INFO 8380 --- [product] [main] [                                                 ] com.indi.product.ProductApplication      : Starting ProductApplication using Java 21.0.6 with PID 8380 (C:\Users\Fanta\Documents\01-desarrollo\A8_microservices_kubernetes_india\B3_secc_18_eureka_ecomm-api-gateway\product\target\classes started by Fanta in C:\Users\Fanta\Documents\01-desarrollo\A8_microservices_kubernetes_india\B3_secc_18_eureka_ecomm-api-gateway)
2026-02-04T23:16:34.302-06:00  INFO 8380 --- [product] [main] [                                                 ] com.indi.product.ProductApplication      : No active profile set, falling back to 1 default profile: "default"
2026-02-04T23:16:34.369-06:00  INFO 8380 --- [product] [main] [                                                 ] o.s.c.c.c.ConfigServerConfigDataLoader   : Fetching config from server at : http://localhost:8888
2026-02-04T23:16:34.370-06:00  INFO 8380 --- [product] [main] [                                                 ] o.s.c.c.c.ConfigServerConfigDataLoader   : Located environment: name=product, profiles=[default], label=null, version=null, state=null
2026-02-04T23:16:36.189-06:00  INFO 8380 --- [product] [main] [                                                 ] .s.d.r.c.RepositoryConfigurationDelegate : Bootstrapping Spring Data JPA repositories in DEFAULT mode.
2026-02-04T23:16:36.368-06:00  INFO 8380 --- [product] [main] [                                                 ] .s.d.r.c.RepositoryConfigurationDelegate : Finished Spring Data repository scanning in 155 ms. Found 1 JPA repository interface.
2026-02-04T23:16:36.655-06:00  INFO 8380 --- [product] [main] [                                                 ] faultConfiguringBeanFactoryPostProcessor : No bean named 'errorChannel' has been explicitly defined. Therefore, a default PublishSubscribeChannel will be created.
2026-02-04T23:16:36.664-06:00  INFO 8380 --- [product] [main] [                                                 ] faultConfiguringBeanFactoryPostProcessor : No bean named 'integrationHeaderChannelRegistry' has been explicitly defined. Therefore, a default DefaultHeaderChannelRegistry will be created.
2026-02-04T23:16:36.808-06:00  INFO 8380 --- [product] [main] [                                                 ] o.s.cloud.context.scope.GenericScope     : BeanFactory id=15e9243a-d305-3144-9dfa-5af58499331f
2026-02-04T23:16:37.261-06:00  WARN 8380 --- [product] [main] [                                                 ] trationDelegate$BeanPostProcessorChecker : Bean 'org.springframework.boot.autoconfigure.integration.IntegrationAutoConfiguration$IntegrationJmxConfiguration' of type [org.springframework.boot.autoconfigure.integration.IntegrationAutoConfiguration$IntegrationJmxConfiguration] is not eligible for getting processed by all BeanPostProcessors (for example: not eligible for auto-proxying). The currently created BeanPostProcessor [integrationMbeanExporter] is declared through a non-static factory method on that class; consider declaring it as static instead.
2026-02-04T23:16:37.280-06:00  WARN 8380 --- [product] [main] [                                                 ] trationDelegate$BeanPostProcessorChecker : Bean 'org.springframework.cloud.stream.config.BindersHealthIndicatorAutoConfiguration' of type [org.springframework.cloud.stream.config.BindersHealthIndicatorAutoConfiguration] is not eligible for getting processed by all BeanPostProcessors (for example: not eligible for auto-proxying). Is this bean getting eagerly injected/applied to a currently created BeanPostProcessor [integrationMbeanExporter]? Check the corresponding BeanPostProcessor declaration and its dependencies/advisors. If this bean does not have to be post-processed, declare it with ROLE_INFRASTRUCTURE.
2026-02-04T23:16:37.283-06:00  WARN 8380 --- [product] [main] [                                                 ] trationDelegate$BeanPostProcessorChecker : Bean 'bindersHealthContributor' of type [org.springframework.cloud.stream.config.BindersHealthIndicatorAutoConfiguration$BindersHealthContributor] is not eligible for getting processed by all BeanPostProcessors (for example: not eligible for auto-proxying). Is this bean getting eagerly injected/applied to a currently created BeanPostProcessor [integrationMbeanExporter]? Check the corresponding BeanPostProcessor declaration and its dependencies/advisors. If this bean does not have to be post-processed, declare it with ROLE_INFRASTRUCTURE.
2026-02-04T23:16:37.290-06:00  WARN 8380 --- [product] [main] [                                                 ] trationDelegate$BeanPostProcessorChecker : Bean 'bindersHealthIndicatorListener' of type [org.springframework.cloud.stream.config.BindersHealthIndicatorAutoConfiguration$BindersHealthIndicatorListener] is not eligible for getting processed by all BeanPostProcessors (for example: not eligible for auto-proxying). Is this bean getting eagerly injected/applied to a currently created BeanPostProcessor [integrationMbeanExporter]? Check the corresponding BeanPostProcessor declaration and its dependencies/advisors. If this bean does not have to be post-processed, declare it with ROLE_INFRASTRUCTURE.
2026-02-04T23:16:37.301-06:00  WARN 8380 --- [product] [main] [                                                 ] trationDelegate$BeanPostProcessorChecker : Bean 'org.springframework.cloud.stream.binder.rabbit.config.ExtendedBindingHandlerMappingsProviderConfiguration' of type [org.springframework.cloud.stream.binder.rabbit.config.ExtendedBindingHandlerMappingsProviderConfiguration] is not eligible for getting processed by all BeanPostProcessors (for example: not eligible for auto-proxying). Is this bean getting eagerly injected/applied to a currently created BeanPostProcessor [integrationMbeanExporter]? Check the corresponding BeanPostProcessor declaration and its dependencies/advisors. If this bean does not have to be post-processed, declare it with ROLE_INFRASTRUCTURE.
2026-02-04T23:16:37.304-06:00  WARN 8380 --- [product] [main] [                                                 ] trationDelegate$BeanPostProcessorChecker : Bean 'rabbitExtendedPropertiesDefaultMappingsProvider' of type [org.springframework.cloud.stream.binder.rabbit.config.ExtendedBindingHandlerMappingsProviderConfiguration$$Lambda/0x00000176a2605458] is not eligible for getting processed by all BeanPostProcessors (for example: not eligible for auto-proxying). Is this bean getting eagerly injected/applied to a currently created BeanPostProcessor [integrationMbeanExporter]? Check the corresponding BeanPostProcessor declaration and its dependencies/advisors. If this bean does not have to be post-processed, declare it with ROLE_INFRASTRUCTURE.
2026-02-04T23:16:37.308-06:00  WARN 8380 --- [product] [main] [                                                 ] trationDelegate$BeanPostProcessorChecker : Bean 'BindingHandlerAdvise' of type [org.springframework.cloud.stream.config.BindingHandlerAdvise] is not eligible for getting processed by all BeanPostProcessors (for example: not eligible for auto-proxying). Is this bean getting eagerly injected/applied to a currently created BeanPostProcessor [integrationMbeanExporter]? Check the corresponding BeanPostProcessor declaration and its dependencies/advisors. If this bean does not have to be post-processed, declare it with ROLE_INFRASTRUCTURE.
2026-02-04T23:16:37.311-06:00  WARN 8380 --- [product] [main] [                                                 ] trationDelegate$BeanPostProcessorChecker : Bean 'org.springframework.cloud.commons.config.CommonsConfigAutoConfiguration' of type [org.springframework.cloud.commons.config.CommonsConfigAutoConfiguration] is not eligible for getting processed by all BeanPostProcessors (for example: not eligible for auto-proxying). Is this bean getting eagerly injected/applied to a currently created BeanPostProcessor [integrationMbeanExporter]? Check the corresponding BeanPostProcessor declaration and its dependencies/advisors. If this bean does not have to be post-processed, declare it with ROLE_INFRASTRUCTURE.
2026-02-04T23:16:37.315-06:00  WARN 8380 --- [product] [main] [                                                 ] trationDelegate$BeanPostProcessorChecker : Bean 'org.springframework.cloud.client.loadbalancer.LoadBalancerDefaultMappingsProviderAutoConfiguration' of type [org.springframework.cloud.client.loadbalancer.LoadBalancerDefaultMappingsProviderAutoConfiguration] is not eligible for getting processed by all BeanPostProcessors (for example: not eligible for auto-proxying). Is this bean getting eagerly injected/applied to a currently created BeanPostProcessor [integrationMbeanExporter]? Check the corresponding BeanPostProcessor declaration and its dependencies/advisors. If this bean does not have to be post-processed, declare it with ROLE_INFRASTRUCTURE.
2026-02-04T23:16:37.318-06:00  WARN 8380 --- [product] [main] [                                                 ] trationDelegate$BeanPostProcessorChecker : Bean 'loadBalancerClientsDefaultsMappingsProvider' of type [org.springframework.cloud.client.loadbalancer.LoadBalancerDefaultMappingsProviderAutoConfiguration$$Lambda/0x00000176a2605668] is not eligible for getting processed by all BeanPostProcessors (for example: not eligible for auto-proxying). Is this bean getting eagerly injected/applied to a currently created BeanPostProcessor [integrationMbeanExporter]? Check the corresponding BeanPostProcessor declaration and its dependencies/advisors. If this bean does not have to be post-processed, declare it with ROLE_INFRASTRUCTURE.
2026-02-04T23:16:37.322-06:00  WARN 8380 --- [product] [main] [                                                 ] trationDelegate$BeanPostProcessorChecker : Bean 'defaultsBindHandlerAdvisor' of type [org.springframework.cloud.commons.config.DefaultsBindHandlerAdvisor] is not eligible for getting processed by all BeanPostProcessors (for example: not eligible for auto-proxying). Is this bean getting eagerly injected/applied to a currently created BeanPostProcessor [integrationMbeanExporter]? Check the corresponding BeanPostProcessor declaration and its dependencies/advisors. If this bean does not have to be post-processed, declare it with ROLE_INFRASTRUCTURE.
2026-02-04T23:16:37.348-06:00  WARN 8380 --- [product] [main] [                                                 ] trationDelegate$BeanPostProcessorChecker : Bean 'spelConverter' of type [org.springframework.cloud.stream.config.SpelExpressionConverterConfiguration$SpelConverter] is not eligible for getting processed by all BeanPostProcessors (for example: not eligible for auto-proxying). Is this bean getting eagerly injected/applied to a currently created BeanPostProcessor [integrationMbeanExporter]? Check the corresponding BeanPostProcessor declaration and its dependencies/advisors. If this bean does not have to be post-processed, declare it with ROLE_INFRASTRUCTURE.
2026-02-04T23:16:37.362-06:00  WARN 8380 --- [product] [main] [                                                 ] trationDelegate$BeanPostProcessorChecker : Bean 'spring.jmx-org.springframework.boot.autoconfigure.jmx.JmxProperties' of type [org.springframework.boot.autoconfigure.jmx.JmxProperties] is not eligible for getting processed by all BeanPostProcessors (for example: not eligible for auto-proxying). Is this bean getting eagerly injected/applied to a currently created BeanPostProcessor [integrationMbeanExporter]? Check the corresponding BeanPostProcessor declaration and its dependencies/advisors. If this bean does not have to be post-processed, declare it with ROLE_INFRASTRUCTURE.
2026-02-04T23:16:37.380-06:00  WARN 8380 --- [product] [main] [                                                 ] trationDelegate$BeanPostProcessorChecker : Bean 'org.springframework.boot.autoconfigure.jmx.JmxAutoConfiguration' of type [org.springframework.boot.autoconfigure.jmx.JmxAutoConfiguration] is not eligible for getting processed by all BeanPostProcessors (for example: not eligible for auto-proxying). Is this bean getting eagerly injected/applied to a currently created BeanPostProcessor [integrationMbeanExporter]? Check the corresponding BeanPostProcessor declaration and its dependencies/advisors. If this bean does not have to be post-processed, declare it with ROLE_INFRASTRUCTURE.
2026-02-04T23:16:37.390-06:00  WARN 8380 --- [product] [main] [                                                 ] trationDelegate$BeanPostProcessorChecker : Bean 'mbeanServer' of type [com.sun.jmx.mbeanserver.JmxMBeanServer] is not eligible for getting processed by all BeanPostProcessors (for example: not eligible for auto-proxying). Is this bean getting eagerly injected/applied to a currently created BeanPostProcessor [integrationMbeanExporter]? Check the corresponding BeanPostProcessor declaration and its dependencies/advisors. If this bean does not have to be post-processed, declare it with ROLE_INFRASTRUCTURE.
2026-02-04T23:16:38.064-06:00  INFO 8380 --- [product] [main] [                                                 ] o.s.b.w.embedded.tomcat.TomcatWebServer  : Tomcat initialized with port 8081 (http)
2026-02-04T23:16:38.087-06:00  INFO 8380 --- [product] [main] [                                                 ] o.apache.catalina.core.StandardService   : Starting service [Tomcat]
2026-02-04T23:16:38.096-06:00  INFO 8380 --- [product] [main] [                                                 ] o.apache.catalina.core.StandardEngine    : Starting Servlet engine: [Apache Tomcat/10.1.36]
2026-02-04T23:16:38.206-06:00  INFO 8380 --- [product] [main] [                                                 ] o.a.c.c.C.[Tomcat].[localhost].[/]       : Initializing Spring embedded WebApplicationContext
2026-02-04T23:16:38.207-06:00  INFO 8380 --- [product] [main] [                                                 ] w.s.c.ServletWebServerApplicationContext : Root WebApplicationContext: initialization completed in 3834 ms
2026-02-04T23:16:39.155-06:00  INFO 8380 --- [product] [main] [                                                 ] o.hibernate.jpa.internal.util.LogHelper  : HHH000204: Processing PersistenceUnitInfo [name: default]
2026-02-04T23:16:39.217-06:00  INFO 8380 --- [product] [main] [                                                 ] org.hibernate.Version                    : HHH000412: Hibernate ORM core version 6.6.8.Final
2026-02-04T23:16:39.249-06:00  INFO 8380 --- [product] [main] [                                                 ] o.h.c.internal.RegionFactoryInitiator    : HHH000026: Second-level cache disabled
2026-02-04T23:16:39.553-06:00  INFO 8380 --- [product] [main] [                                                 ] o.s.o.j.p.SpringPersistenceUnitInfo      : No LoadTimeWeaver setup: ignoring JPA class transformer
2026-02-04T23:16:39.580-06:00  INFO 8380 --- [product] [main] [                                                 ] com.zaxxer.hikari.HikariDataSource       : HikariPool-1 - Starting...
2026-02-04T23:16:39.750-06:00  INFO 8380 --- [product] [main] [                                                 ] com.zaxxer.hikari.pool.HikariPool        : HikariPool-1 - Added connection org.postgresql.jdbc.PgConnection@5a35efac
2026-02-04T23:16:39.752-06:00  INFO 8380 --- [product] [main] [                                                 ] com.zaxxer.hikari.HikariDataSource       : HikariPool-1 - Start completed.
2026-02-04T23:16:39.795-06:00  WARN 8380 --- [product] [main] [                                                 ] org.hibernate.orm.deprecation            : HHH90000025: PostgreSQLDialect does not need to be specified explicitly using 'hibernate.dialect' (remove the property setting and it will be selected by default)
2026-02-04T23:16:39.816-06:00  INFO 8380 --- [product] [main] [                                                 ] org.hibernate.orm.connections.pooling    : HHH10001005: Database info:
	Database JDBC URL [Connecting through datasource 'HikariDataSource (HikariPool-1)']
	Database driver: undefined/unknown
	Database version: 14.19
	Autocommit mode: undefined/unknown
	Isolation level: undefined/unknown
	Minimum pool size: undefined/unknown
	Maximum pool size: undefined/unknown
2026-02-04T23:16:40.671-06:00  INFO 8380 --- [product] [main] [                                                 ] o.h.e.t.j.p.i.JtaPlatformInitiator       : HHH000489: No JTA platform available (set 'hibernate.transaction.jta.platform' to enable JTA platform integration)
2026-02-04T23:16:40.758-06:00  INFO 8380 --- [product] [main] [                                                 ] j.LocalContainerEntityManagerFactoryBean : Initialized JPA EntityManagerFactory for persistence unit 'default'
2026-02-04T23:16:41.179-06:00  INFO 8380 --- [product] [main] [                                                 ] o.s.d.j.r.query.QueryEnhancerFactory     : Hibernate is in classpath; If applicable, HQL parser will be used.
2026-02-04T23:16:42.441-06:00  WARN 8380 --- [product] [main] [                                                 ] JpaBaseConfiguration$JpaWebConfiguration : spring.jpa.open-in-view is enabled by default. Therefore, database queries may be performed during view rendering. Explicitly configure spring.jpa.open-in-view to disable this warning
2026-02-04T23:16:44.197-06:00  INFO 8380 --- [product] [main] [                                                 ] o.s.c.s.m.DirectWithAttributesChannel    : Channel 'product.springCloudBusInput' has 1 subscriber(s).
2026-02-04T23:16:44.631-06:00  INFO 8380 --- [product] [main] [                                                 ] DiscoveryClientOptionalArgsConfiguration : Eureka HTTP Client uses RestTemplate.
2026-02-04T23:16:44.713-06:00  WARN 8380 --- [product] [main] [                                                 ] iguration$LoadBalancerCaffeineWarnLogger : Spring Cloud LoadBalancer is currently working with the default cache. While this cache implementation is useful for development and tests, it's recommended to use Caffeine cache in production.You can switch to using Caffeine cache, by adding it and org.springframework.cache.caffeine.CaffeineCacheManager to the classpath.
2026-02-04T23:16:44.733-06:00  INFO 8380 --- [product] [main] [                                                 ] o.s.b.a.e.web.EndpointLinksResolver      : Exposing 26 endpoints beneath base path '/actuator'
2026-02-04T23:16:44.874-06:00  INFO 8380 --- [product] [RMI TCP Connection(2)-127.0.0.1] [                                                 ] o.a.c.c.C.[Tomcat].[localhost].[/]       : Initializing Spring DispatcherServlet 'dispatcherServlet'
2026-02-04T23:16:44.875-06:00  INFO 8380 --- [product] [RMI TCP Connection(2)-127.0.0.1] [                                                 ] o.s.web.servlet.DispatcherServlet        : Initializing Servlet 'dispatcherServlet'
2026-02-04T23:16:44.877-06:00  INFO 8380 --- [product] [RMI TCP Connection(2)-127.0.0.1] [                                                 ] o.s.web.servlet.DispatcherServlet        : Completed initialization in 2 ms
2026-02-04T23:16:45.087-06:00  INFO 8380 --- [product] [main] [                                                 ] o.s.i.monitor.IntegrationMBeanExporter   : Registering MessageChannel errorChannel
2026-02-04T23:16:45.096-06:00  INFO 8380 --- [product] [main] [                                                 ] o.s.i.monitor.IntegrationMBeanExporter   : Registering MessageChannel springCloudBusInput
2026-02-04T23:16:45.101-06:00  INFO 8380 --- [product] [main] [                                                 ] o.s.i.monitor.IntegrationMBeanExporter   : Registering MessageChannel nullChannel
2026-02-04T23:16:45.111-06:00  INFO 8380 --- [product] [main] [                                                 ] o.s.i.monitor.IntegrationMBeanExporter   : Registering MessageHandler _org.springframework.integration.errorLogger
2026-02-04T23:16:45.142-06:00  INFO 8380 --- [product] [main] [                                                 ] o.s.i.endpoint.EventDrivenConsumer       : Adding {logging-channel-adapter:_org.springframework.integration.errorLogger} as a subscriber to the 'errorChannel' channel
2026-02-04T23:16:45.143-06:00  INFO 8380 --- [product] [main] [                                                 ] o.s.i.channel.PublishSubscribeChannel    : Channel 'product.errorChannel' has 1 subscriber(s).
2026-02-04T23:16:45.144-06:00  INFO 8380 --- [product] [main] [                                                 ] o.s.i.endpoint.EventDrivenConsumer       : started bean '_org.springframework.integration.errorLogger'
2026-02-04T23:16:45.185-06:00  INFO 8380 --- [product] [main] [                                                 ] o.s.c.n.eureka.InstanceInfoFactory       : Setting initial instance status as: STARTING
2026-02-04T23:16:45.224-06:00  INFO 8380 --- [product] [main] [                                                 ] com.netflix.discovery.DiscoveryClient    : Initializing Eureka in region us-east-1
2026-02-04T23:16:45.232-06:00  INFO 8380 --- [product] [main] [                                                 ] c.n.d.s.r.aws.ConfigClusterResolver      : Resolving eureka endpoints via configuration
2026-02-04T23:16:45.246-06:00  INFO 8380 --- [product] [main] [                                                 ] com.netflix.discovery.DiscoveryClient    : Disable delta property : false
2026-02-04T23:16:45.247-06:00  INFO 8380 --- [product] [main] [                                                 ] com.netflix.discovery.DiscoveryClient    : Single vip registry refresh property : null
2026-02-04T23:16:45.247-06:00  INFO 8380 --- [product] [main] [                                                 ] com.netflix.discovery.DiscoveryClient    : Force full registry fetch : false
2026-02-04T23:16:45.248-06:00  INFO 8380 --- [product] [main] [                                                 ] com.netflix.discovery.DiscoveryClient    : Application is null : false
2026-02-04T23:16:45.248-06:00  INFO 8380 --- [product] [main] [                                                 ] com.netflix.discovery.DiscoveryClient    : Registered Applications size is zero : true
2026-02-04T23:16:45.248-06:00  INFO 8380 --- [product] [main] [                                                 ] com.netflix.discovery.DiscoveryClient    : Application version is -1: true
2026-02-04T23:16:45.249-06:00  INFO 8380 --- [product] [main] [                                                 ] com.netflix.discovery.DiscoveryClient    : Getting all instance registry info from the eureka server
2026-02-04T23:16:45.627-06:00  INFO 8380 --- [product] [main] [                                                 ] com.netflix.discovery.DiscoveryClient    : The response status is 200
2026-02-04T23:16:45.630-06:00  INFO 8380 --- [product] [main] [                                                 ] com.netflix.discovery.DiscoveryClient    : Starting heartbeat executor: renew interval is: 30
2026-02-04T23:16:45.631-06:00  INFO 8380 --- [product] [main] [                                                 ] c.n.discovery.InstanceInfoReplicator     : InstanceInfoReplicator onDemand update allowed rate per min is 4
2026-02-04T23:16:45.632-06:00  INFO 8380 --- [product] [main] [                                                 ] com.netflix.discovery.DiscoveryClient    : Discovery Client initialized at timestamp 1770268605632 with initial instances count: 0
2026-02-04T23:16:45.637-06:00  INFO 8380 --- [product] [main] [                                                 ] o.s.c.n.e.s.EurekaServiceRegistry        : Registering application PRODUCT with eureka with status UP
2026-02-04T23:16:45.639-06:00  INFO 8380 --- [product] [main] [                                                 ] com.netflix.discovery.DiscoveryClient    : Saw local status change event StatusChangeEvent [timestamp=1770268605639, current=UP, previous=STARTING]
2026-02-04T23:16:45.641-06:00  INFO 8380 --- [product] [DiscoveryClient-InstanceInfoReplicator-%d] [                                                 ] com.netflix.discovery.DiscoveryClient    : DiscoveryClient_PRODUCT/MSI.mshome.net:product:8081: registering service...
2026-02-04T23:16:45.660-06:00  INFO 8380 --- [product] [main] [                                                 ] o.s.b.w.embedded.tomcat.TomcatWebServer  : Tomcat started on port 8081 (http) with context path '/'
2026-02-04T23:16:45.661-06:00  INFO 8380 --- [product] [main] [                                                 ] .s.c.n.e.s.EurekaAutoServiceRegistration : Updating port to 8081
2026-02-04T23:16:45.674-06:00  INFO 8380 --- [product] [main] [                                                 ] o.s.c.s.binder.DefaultBinderFactory      : Creating binder: rabbit
2026-02-04T23:16:45.674-06:00  INFO 8380 --- [product] [main] [                                                 ] o.s.c.s.binder.DefaultBinderFactory      : Constructing binder child context for rabbit
2026-02-04T23:16:45.750-06:00  INFO 8380 --- [product] [DiscoveryClient-InstanceInfoReplicator-%d] [                                                 ] com.netflix.discovery.DiscoveryClient    : DiscoveryClient_PRODUCT/MSI.mshome.net:product:8081 - registration status: 204
2026-02-04T23:16:45.808-06:00  INFO 8380 --- [product] [main] [                                                 ] o.s.c.s.binder.DefaultBinderFactory      : Caching the binder: rabbit
2026-02-04T23:16:45.845-06:00  INFO 8380 --- [product] [main] [                                                 ] c.s.b.r.p.RabbitExchangeQueueProvisioner : declaring queue for inbound: springCloudBus.anonymous.fuh7ktHvQEaTDGu5nEeqUA, bound to: springCloudBus
2026-02-04T23:16:45.851-06:00  INFO 8380 --- [product] [main] [                                                 ] o.s.a.r.c.CachingConnectionFactory       : Attempting to connect to: [localhost:5672]
2026-02-04T23:16:45.892-06:00  INFO 8380 --- [product] [main] [                                                 ] o.s.a.r.c.CachingConnectionFactory       : Created new connection: rabbitConnectionFactory#3e00d115:0/SimpleConnection@6efa105a [delegate=amqp://guest@127.0.0.1:5672/, localPort=56274]
2026-02-04T23:16:45.939-06:00  INFO 8380 --- [product] [main] [                                                 ] o.s.c.stream.binder.BinderErrorChannel   : Channel 'rabbit-453512001.springCloudBusInput.errors' has 1 subscriber(s).
2026-02-04T23:16:45.940-06:00  INFO 8380 --- [product] [main] [                                                 ] o.s.c.stream.binder.BinderErrorChannel   : Channel 'rabbit-453512001.springCloudBusInput.errors' has 2 subscriber(s).
2026-02-04T23:16:45.957-06:00  INFO 8380 --- [product] [main] [                                                 ] o.s.i.a.i.AmqpInboundChannelAdapter      : started bean 'inbound.springCloudBus.anonymous.fuh7ktHvQEaTDGu5nEeqUA'
2026-02-04T23:16:45.970-06:00  INFO 8380 --- [product] [main] [                                                 ] o.s.i.monitor.IntegrationMBeanExporter   : Registering MessageChannel rabbit-453512001.springCloudBusInput.errors
2026-02-04T23:16:46.004-06:00  INFO 8380 --- [product] [main] [                                                 ] com.indi.product.ProductApplication      : Started ProductApplication in 12.972 seconds (process running for 14.02)
2026-02-04T23:17:15.631-06:00  INFO 8380 --- [product] [DiscoveryClient-CacheRefreshExecutor-%d] [                                                 ] com.netflix.discovery.DiscoveryClient    : Disable delta property : false
2026-02-04T23:17:15.631-06:00  INFO 8380 --- [product] [DiscoveryClient-CacheRefreshExecutor-%d] [                                                 ] com.netflix.discovery.DiscoveryClient    : Single vip registry refresh property : null
2026-02-04T23:17:15.632-06:00  INFO 8380 --- [product] [DiscoveryClient-CacheRefreshExecutor-%d] [                                                 ] com.netflix.discovery.DiscoveryClient    : Force full registry fetch : false
2026-02-04T23:17:15.632-06:00  INFO 8380 --- [product] [DiscoveryClient-CacheRefreshExecutor-%d] [                                                 ] com.netflix.discovery.DiscoveryClient    : Application is null : false
2026-02-04T23:17:15.633-06:00  INFO 8380 --- [product] [DiscoveryClient-CacheRefreshExecutor-%d] [                                                 ] com.netflix.discovery.DiscoveryClient    : Registered Applications size is zero : true
2026-02-04T23:17:15.634-06:00  INFO 8380 --- [product] [DiscoveryClient-CacheRefreshExecutor-%d] [                                                 ] com.netflix.discovery.DiscoveryClient    : Application version is -1: false
2026-02-04T23:17:15.634-06:00  INFO 8380 --- [product] [DiscoveryClient-CacheRefreshExecutor-%d] [                                                 ] com.netflix.discovery.DiscoveryClient    : Getting all instance registry info from the eureka server
2026-02-04T23:17:15.658-06:00  INFO 8380 --- [product] [DiscoveryClient-CacheRefreshExecutor-%d] [                                                 ] com.netflix.discovery.DiscoveryClient    : The response status is 200
2026-02-04T23:21:45.259-06:00  INFO 8380 --- [product] [AsyncResolver-bootstrap-executor-%d] [                                                 ] c.n.d.s.r.aws.ConfigClusterResolver      : Resolving eureka endpoints via configuration
2026-02-04T23:26:45.269-06:00  INFO 8380 --- [product] [AsyncResolver-bootstrap-executor-%d] [                                                 ] c.n.d.s.r.aws.ConfigClusterResolver      : Resolving eureka endpoints via configuration
2026-02-04T23:31:45.295-06:00  INFO 8380 --- [product] [AsyncResolver-bootstrap-executor-%d] [                                                 ] c.n.d.s.r.aws.ConfigClusterResolver      : Resolving eureka endpoints via configuration
2026-02-04T23:36:45.298-06:00  INFO 8380 --- [product] [AsyncResolver-bootstrap-executor-%d] [                                                 ] c.n.d.s.r.aws.ConfigClusterResolver      : Resolving eureka endpoints via configuration
2026-02-04T23:41:45.306-06:00  INFO 8380 --- [product] [AsyncResolver-bootstrap-executor-%d] [                                                 ] c.n.d.s.r.aws.ConfigClusterResolver      : Resolving eureka endpoints via configuration
2026-02-04T23:57:15.021-06:00  INFO 19072 --- [product] [main] [                                                 ] com.indi.product.ProductApplication      : Starting ProductApplication using Java 21.0.6 with PID 19072 (C:\Users\Fanta\Documents\01-desarrollo\A8_microservices_kubernetes_india\B3_secc_18_eureka_ecomm-api-gateway\product\target\classes started by Fanta in C:\Users\Fanta\Documents\01-desarrollo\A8_microservices_kubernetes_india\B3_secc_18_eureka_ecomm-api-gateway)
2026-02-04T23:57:15.028-06:00  INFO 19072 --- [product] [main] [                                                 ] com.indi.product.ProductApplication      : No active profile set, falling back to 1 default profile: "default"
2026-02-04T23:57:15.107-06:00  INFO 19072 --- [product] [main] [                                                 ] o.s.c.c.c.ConfigServerConfigDataLoader   : Fetching config from server at : http://localhost:8888
2026-02-04T23:57:15.108-06:00  INFO 19072 --- [product] [main] [                                                 ] o.s.c.c.c.ConfigServerConfigDataLoader   : Located environment: name=product, profiles=[default], label=null, version=null, state=null
2026-02-04T23:57:17.141-06:00  INFO 19072 --- [product] [main] [                                                 ] .s.d.r.c.RepositoryConfigurationDelegate : Bootstrapping Spring Data JPA repositories in DEFAULT mode.
2026-02-04T23:57:17.317-06:00  INFO 19072 --- [product] [main] [                                                 ] .s.d.r.c.RepositoryConfigurationDelegate : Finished Spring Data repository scanning in 152 ms. Found 1 JPA repository interface.
2026-02-04T23:57:17.590-06:00  INFO 19072 --- [product] [main] [                                                 ] faultConfiguringBeanFactoryPostProcessor : No bean named 'errorChannel' has been explicitly defined. Therefore, a default PublishSubscribeChannel will be created.
2026-02-04T23:57:17.600-06:00  INFO 19072 --- [product] [main] [                                                 ] faultConfiguringBeanFactoryPostProcessor : No bean named 'integrationHeaderChannelRegistry' has been explicitly defined. Therefore, a default DefaultHeaderChannelRegistry will be created.
2026-02-04T23:57:17.768-06:00  INFO 19072 --- [product] [main] [                                                 ] o.s.cloud.context.scope.GenericScope     : BeanFactory id=15e9243a-d305-3144-9dfa-5af58499331f
2026-02-04T23:57:18.317-06:00  WARN 19072 --- [product] [main] [                                                 ] trationDelegate$BeanPostProcessorChecker : Bean 'org.springframework.boot.autoconfigure.integration.IntegrationAutoConfiguration$IntegrationJmxConfiguration' of type [org.springframework.boot.autoconfigure.integration.IntegrationAutoConfiguration$IntegrationJmxConfiguration] is not eligible for getting processed by all BeanPostProcessors (for example: not eligible for auto-proxying). The currently created BeanPostProcessor [integrationMbeanExporter] is declared through a non-static factory method on that class; consider declaring it as static instead.
2026-02-04T23:57:18.332-06:00  WARN 19072 --- [product] [main] [                                                 ] trationDelegate$BeanPostProcessorChecker : Bean 'org.springframework.cloud.stream.config.BindersHealthIndicatorAutoConfiguration' of type [org.springframework.cloud.stream.config.BindersHealthIndicatorAutoConfiguration] is not eligible for getting processed by all BeanPostProcessors (for example: not eligible for auto-proxying). Is this bean getting eagerly injected/applied to a currently created BeanPostProcessor [integrationMbeanExporter]? Check the corresponding BeanPostProcessor declaration and its dependencies/advisors. If this bean does not have to be post-processed, declare it with ROLE_INFRASTRUCTURE.
2026-02-04T23:57:18.337-06:00  WARN 19072 --- [product] [main] [                                                 ] trationDelegate$BeanPostProcessorChecker : Bean 'bindersHealthContributor' of type [org.springframework.cloud.stream.config.BindersHealthIndicatorAutoConfiguration$BindersHealthContributor] is not eligible for getting processed by all BeanPostProcessors (for example: not eligible for auto-proxying). Is this bean getting eagerly injected/applied to a currently created BeanPostProcessor [integrationMbeanExporter]? Check the corresponding BeanPostProcessor declaration and its dependencies/advisors. If this bean does not have to be post-processed, declare it with ROLE_INFRASTRUCTURE.
2026-02-04T23:57:18.344-06:00  WARN 19072 --- [product] [main] [                                                 ] trationDelegate$BeanPostProcessorChecker : Bean 'bindersHealthIndicatorListener' of type [org.springframework.cloud.stream.config.BindersHealthIndicatorAutoConfiguration$BindersHealthIndicatorListener] is not eligible for getting processed by all BeanPostProcessors (for example: not eligible for auto-proxying). Is this bean getting eagerly injected/applied to a currently created BeanPostProcessor [integrationMbeanExporter]? Check the corresponding BeanPostProcessor declaration and its dependencies/advisors. If this bean does not have to be post-processed, declare it with ROLE_INFRASTRUCTURE.
2026-02-04T23:57:18.354-06:00  WARN 19072 --- [product] [main] [                                                 ] trationDelegate$BeanPostProcessorChecker : Bean 'org.springframework.cloud.stream.binder.rabbit.config.ExtendedBindingHandlerMappingsProviderConfiguration' of type [org.springframework.cloud.stream.binder.rabbit.config.ExtendedBindingHandlerMappingsProviderConfiguration] is not eligible for getting processed by all BeanPostProcessors (for example: not eligible for auto-proxying). Is this bean getting eagerly injected/applied to a currently created BeanPostProcessor [integrationMbeanExporter]? Check the corresponding BeanPostProcessor declaration and its dependencies/advisors. If this bean does not have to be post-processed, declare it with ROLE_INFRASTRUCTURE.
2026-02-04T23:57:18.357-06:00  WARN 19072 --- [product] [main] [                                                 ] trationDelegate$BeanPostProcessorChecker : Bean 'rabbitExtendedPropertiesDefaultMappingsProvider' of type [org.springframework.cloud.stream.binder.rabbit.config.ExtendedBindingHandlerMappingsProviderConfiguration$$Lambda/0x0000026a90602b60] is not eligible for getting processed by all BeanPostProcessors (for example: not eligible for auto-proxying). Is this bean getting eagerly injected/applied to a currently created BeanPostProcessor [integrationMbeanExporter]? Check the corresponding BeanPostProcessor declaration and its dependencies/advisors. If this bean does not have to be post-processed, declare it with ROLE_INFRASTRUCTURE.
2026-02-04T23:57:18.361-06:00  WARN 19072 --- [product] [main] [                                                 ] trationDelegate$BeanPostProcessorChecker : Bean 'BindingHandlerAdvise' of type [org.springframework.cloud.stream.config.BindingHandlerAdvise] is not eligible for getting processed by all BeanPostProcessors (for example: not eligible for auto-proxying). Is this bean getting eagerly injected/applied to a currently created BeanPostProcessor [integrationMbeanExporter]? Check the corresponding BeanPostProcessor declaration and its dependencies/advisors. If this bean does not have to be post-processed, declare it with ROLE_INFRASTRUCTURE.
2026-02-04T23:57:18.364-06:00  WARN 19072 --- [product] [main] [                                                 ] trationDelegate$BeanPostProcessorChecker : Bean 'org.springframework.cloud.commons.config.CommonsConfigAutoConfiguration' of type [org.springframework.cloud.commons.config.CommonsConfigAutoConfiguration] is not eligible for getting processed by all BeanPostProcessors (for example: not eligible for auto-proxying). Is this bean getting eagerly injected/applied to a currently created BeanPostProcessor [integrationMbeanExporter]? Check the corresponding BeanPostProcessor declaration and its dependencies/advisors. If this bean does not have to be post-processed, declare it with ROLE_INFRASTRUCTURE.
2026-02-04T23:57:18.368-06:00  WARN 19072 --- [product] [main] [                                                 ] trationDelegate$BeanPostProcessorChecker : Bean 'org.springframework.cloud.client.loadbalancer.LoadBalancerDefaultMappingsProviderAutoConfiguration' of type [org.springframework.cloud.client.loadbalancer.LoadBalancerDefaultMappingsProviderAutoConfiguration] is not eligible for getting processed by all BeanPostProcessors (for example: not eligible for auto-proxying). Is this bean getting eagerly injected/applied to a currently created BeanPostProcessor [integrationMbeanExporter]? Check the corresponding BeanPostProcessor declaration and its dependencies/advisors. If this bean does not have to be post-processed, declare it with ROLE_INFRASTRUCTURE.
2026-02-04T23:57:18.371-06:00  WARN 19072 --- [product] [main] [                                                 ] trationDelegate$BeanPostProcessorChecker : Bean 'loadBalancerClientsDefaultsMappingsProvider' of type [org.springframework.cloud.client.loadbalancer.LoadBalancerDefaultMappingsProviderAutoConfiguration$$Lambda/0x0000026a90602d70] is not eligible for getting processed by all BeanPostProcessors (for example: not eligible for auto-proxying). Is this bean getting eagerly injected/applied to a currently created BeanPostProcessor [integrationMbeanExporter]? Check the corresponding BeanPostProcessor declaration and its dependencies/advisors. If this bean does not have to be post-processed, declare it with ROLE_INFRASTRUCTURE.
2026-02-04T23:57:18.376-06:00  WARN 19072 --- [product] [main] [                                                 ] trationDelegate$BeanPostProcessorChecker : Bean 'defaultsBindHandlerAdvisor' of type [org.springframework.cloud.commons.config.DefaultsBindHandlerAdvisor] is not eligible for getting processed by all BeanPostProcessors (for example: not eligible for auto-proxying). Is this bean getting eagerly injected/applied to a currently created BeanPostProcessor [integrationMbeanExporter]? Check the corresponding BeanPostProcessor declaration and its dependencies/advisors. If this bean does not have to be post-processed, declare it with ROLE_INFRASTRUCTURE.
2026-02-04T23:57:18.397-06:00  WARN 19072 --- [product] [main] [                                                 ] trationDelegate$BeanPostProcessorChecker : Bean 'spelConverter' of type [org.springframework.cloud.stream.config.SpelExpressionConverterConfiguration$SpelConverter] is not eligible for getting processed by all BeanPostProcessors (for example: not eligible for auto-proxying). Is this bean getting eagerly injected/applied to a currently created BeanPostProcessor [integrationMbeanExporter]? Check the corresponding BeanPostProcessor declaration and its dependencies/advisors. If this bean does not have to be post-processed, declare it with ROLE_INFRASTRUCTURE.
2026-02-04T23:57:18.413-06:00  WARN 19072 --- [product] [main] [                                                 ] trationDelegate$BeanPostProcessorChecker : Bean 'spring.jmx-org.springframework.boot.autoconfigure.jmx.JmxProperties' of type [org.springframework.boot.autoconfigure.jmx.JmxProperties] is not eligible for getting processed by all BeanPostProcessors (for example: not eligible for auto-proxying). Is this bean getting eagerly injected/applied to a currently created BeanPostProcessor [integrationMbeanExporter]? Check the corresponding BeanPostProcessor declaration and its dependencies/advisors. If this bean does not have to be post-processed, declare it with ROLE_INFRASTRUCTURE.
2026-02-04T23:57:18.432-06:00  WARN 19072 --- [product] [main] [                                                 ] trationDelegate$BeanPostProcessorChecker : Bean 'org.springframework.boot.autoconfigure.jmx.JmxAutoConfiguration' of type [org.springframework.boot.autoconfigure.jmx.JmxAutoConfiguration] is not eligible for getting processed by all BeanPostProcessors (for example: not eligible for auto-proxying). Is this bean getting eagerly injected/applied to a currently created BeanPostProcessor [integrationMbeanExporter]? Check the corresponding BeanPostProcessor declaration and its dependencies/advisors. If this bean does not have to be post-processed, declare it with ROLE_INFRASTRUCTURE.
2026-02-04T23:57:18.440-06:00  WARN 19072 --- [product] [main] [                                                 ] trationDelegate$BeanPostProcessorChecker : Bean 'mbeanServer' of type [com.sun.jmx.mbeanserver.JmxMBeanServer] is not eligible for getting processed by all BeanPostProcessors (for example: not eligible for auto-proxying). Is this bean getting eagerly injected/applied to a currently created BeanPostProcessor [integrationMbeanExporter]? Check the corresponding BeanPostProcessor declaration and its dependencies/advisors. If this bean does not have to be post-processed, declare it with ROLE_INFRASTRUCTURE.
2026-02-04T23:57:19.320-06:00  INFO 19072 --- [product] [main] [                                                 ] o.s.b.w.embedded.tomcat.TomcatWebServer  : Tomcat initialized with port 8081 (http)
2026-02-04T23:57:19.342-06:00  INFO 19072 --- [product] [main] [                                                 ] o.apache.catalina.core.StandardService   : Starting service [Tomcat]
2026-02-04T23:57:19.343-06:00  INFO 19072 --- [product] [main] [                                                 ] o.apache.catalina.core.StandardEngine    : Starting Servlet engine: [Apache Tomcat/10.1.36]
2026-02-04T23:57:19.477-06:00  INFO 19072 --- [product] [main] [                                                 ] o.a.c.c.C.[Tomcat].[localhost].[/]       : Initializing Spring embedded WebApplicationContext
2026-02-04T23:57:19.478-06:00  INFO 19072 --- [product] [main] [                                                 ] w.s.c.ServletWebServerApplicationContext : Root WebApplicationContext: initialization completed in 4368 ms
2026-02-04T23:57:20.808-06:00  INFO 19072 --- [product] [main] [                                                 ] o.hibernate.jpa.internal.util.LogHelper  : HHH000204: Processing PersistenceUnitInfo [name: default]
2026-02-04T23:57:20.913-06:00  INFO 19072 --- [product] [main] [                                                 ] org.hibernate.Version                    : HHH000412: Hibernate ORM core version 6.6.8.Final
2026-02-04T23:57:20.969-06:00  INFO 19072 --- [product] [main] [                                                 ] o.h.c.internal.RegionFactoryInitiator    : HHH000026: Second-level cache disabled
2026-02-04T23:57:21.364-06:00  INFO 19072 --- [product] [main] [                                                 ] o.s.o.j.p.SpringPersistenceUnitInfo      : No LoadTimeWeaver setup: ignoring JPA class transformer
2026-02-04T23:57:21.442-06:00  INFO 19072 --- [product] [main] [                                                 ] com.zaxxer.hikari.HikariDataSource       : HikariPool-1 - Starting...
2026-02-04T23:57:21.721-06:00  INFO 19072 --- [product] [main] [                                                 ] com.zaxxer.hikari.pool.HikariPool        : HikariPool-1 - Added connection org.postgresql.jdbc.PgConnection@73cdf5f9
2026-02-04T23:57:21.724-06:00  INFO 19072 --- [product] [main] [                                                 ] com.zaxxer.hikari.HikariDataSource       : HikariPool-1 - Start completed.
2026-02-04T23:57:21.817-06:00  WARN 19072 --- [product] [main] [                                                 ] org.hibernate.orm.deprecation            : HHH90000025: PostgreSQLDialect does not need to be specified explicitly using 'hibernate.dialect' (remove the property setting and it will be selected by default)
2026-02-04T23:57:21.856-06:00  INFO 19072 --- [product] [main] [                                                 ] org.hibernate.orm.connections.pooling    : HHH10001005: Database info:
	Database JDBC URL [Connecting through datasource 'HikariDataSource (HikariPool-1)']
	Database driver: undefined/unknown
	Database version: 14.19
	Autocommit mode: undefined/unknown
	Isolation level: undefined/unknown
	Minimum pool size: undefined/unknown
	Maximum pool size: undefined/unknown
2026-02-04T23:57:23.148-06:00  INFO 19072 --- [product] [main] [                                                 ] o.h.e.t.j.p.i.JtaPlatformInitiator       : HHH000489: No JTA platform available (set 'hibernate.transaction.jta.platform' to enable JTA platform integration)
2026-02-04T23:57:23.213-06:00  INFO 19072 --- [product] [main] [                                                 ] j.LocalContainerEntityManagerFactoryBean : Initialized JPA EntityManagerFactory for persistence unit 'default'
2026-02-04T23:57:23.803-06:00  INFO 19072 --- [product] [main] [                                                 ] o.s.d.j.r.query.QueryEnhancerFactory     : Hibernate is in classpath; If applicable, HQL parser will be used.
2026-02-04T23:57:25.477-06:00  WARN 19072 --- [product] [main] [                                                 ] JpaBaseConfiguration$JpaWebConfiguration : spring.jpa.open-in-view is enabled by default. Therefore, database queries may be performed during view rendering. Explicitly configure spring.jpa.open-in-view to disable this warning
2026-02-04T23:57:27.318-06:00  INFO 19072 --- [product] [main] [                                                 ] o.s.c.s.m.DirectWithAttributesChannel    : Channel 'product.springCloudBusInput' has 1 subscriber(s).
2026-02-04T23:57:27.777-06:00  INFO 19072 --- [product] [main] [                                                 ] DiscoveryClientOptionalArgsConfiguration : Eureka HTTP Client uses RestTemplate.
2026-02-04T23:57:27.912-06:00  WARN 19072 --- [product] [main] [                                                 ] iguration$LoadBalancerCaffeineWarnLogger : Spring Cloud LoadBalancer is currently working with the default cache. While this cache implementation is useful for development and tests, it's recommended to use Caffeine cache in production.You can switch to using Caffeine cache, by adding it and org.springframework.cache.caffeine.CaffeineCacheManager to the classpath.
2026-02-04T23:57:27.936-06:00  INFO 19072 --- [product] [main] [                                                 ] o.s.b.a.e.web.EndpointLinksResolver      : Exposing 26 endpoints beneath base path '/actuator'
2026-02-04T23:57:28.116-06:00  INFO 19072 --- [product] [RMI TCP Connection(2)-127.0.0.1] [                                                 ] o.a.c.c.C.[Tomcat].[localhost].[/]       : Initializing Spring DispatcherServlet 'dispatcherServlet'
2026-02-04T23:57:28.117-06:00  INFO 19072 --- [product] [RMI TCP Connection(2)-127.0.0.1] [                                                 ] o.s.web.servlet.DispatcherServlet        : Initializing Servlet 'dispatcherServlet'
2026-02-04T23:57:28.121-06:00  INFO 19072 --- [product] [RMI TCP Connection(2)-127.0.0.1] [                                                 ] o.s.web.servlet.DispatcherServlet        : Completed initialization in 3 ms
2026-02-04T23:57:28.291-06:00  INFO 19072 --- [product] [main] [                                                 ] o.s.i.monitor.IntegrationMBeanExporter   : Registering MessageChannel errorChannel
2026-02-04T23:57:28.311-06:00  INFO 19072 --- [product] [main] [                                                 ] o.s.i.monitor.IntegrationMBeanExporter   : Registering MessageChannel springCloudBusInput
2026-02-04T23:57:28.316-06:00  INFO 19072 --- [product] [main] [                                                 ] o.s.i.monitor.IntegrationMBeanExporter   : Registering MessageChannel nullChannel
2026-02-04T23:57:28.328-06:00  INFO 19072 --- [product] [main] [                                                 ] o.s.i.monitor.IntegrationMBeanExporter   : Registering MessageHandler _org.springframework.integration.errorLogger
2026-02-04T23:57:28.368-06:00  INFO 19072 --- [product] [main] [                                                 ] o.s.i.endpoint.EventDrivenConsumer       : Adding {logging-channel-adapter:_org.springframework.integration.errorLogger} as a subscriber to the 'errorChannel' channel
2026-02-04T23:57:28.370-06:00  INFO 19072 --- [product] [main] [                                                 ] o.s.i.channel.PublishSubscribeChannel    : Channel 'product.errorChannel' has 1 subscriber(s).
2026-02-04T23:57:28.374-06:00  INFO 19072 --- [product] [main] [                                                 ] o.s.i.endpoint.EventDrivenConsumer       : started bean '_org.springframework.integration.errorLogger'
2026-02-04T23:57:28.458-06:00  INFO 19072 --- [product] [main] [                                                 ] o.s.c.n.eureka.InstanceInfoFactory       : Setting initial instance status as: STARTING
2026-02-04T23:57:28.510-06:00  INFO 19072 --- [product] [main] [                                                 ] com.netflix.discovery.DiscoveryClient    : Initializing Eureka in region us-east-1
2026-02-04T23:57:28.517-06:00  INFO 19072 --- [product] [main] [                                                 ] c.n.d.s.r.aws.ConfigClusterResolver      : Resolving eureka endpoints via configuration
2026-02-04T23:57:28.531-06:00  INFO 19072 --- [product] [main] [                                                 ] com.netflix.discovery.DiscoveryClient    : Disable delta property : false
2026-02-04T23:57:28.532-06:00  INFO 19072 --- [product] [main] [                                                 ] com.netflix.discovery.DiscoveryClient    : Single vip registry refresh property : null
2026-02-04T23:57:28.532-06:00  INFO 19072 --- [product] [main] [                                                 ] com.netflix.discovery.DiscoveryClient    : Force full registry fetch : false
2026-02-04T23:57:28.532-06:00  INFO 19072 --- [product] [main] [                                                 ] com.netflix.discovery.DiscoveryClient    : Application is null : false
2026-02-04T23:57:28.533-06:00  INFO 19072 --- [product] [main] [                                                 ] com.netflix.discovery.DiscoveryClient    : Registered Applications size is zero : true
2026-02-04T23:57:28.534-06:00  INFO 19072 --- [product] [main] [                                                 ] com.netflix.discovery.DiscoveryClient    : Application version is -1: true
2026-02-04T23:57:28.534-06:00  INFO 19072 --- [product] [main] [                                                 ] com.netflix.discovery.DiscoveryClient    : Getting all instance registry info from the eureka server
2026-02-04T23:57:28.810-06:00  INFO 19072 --- [product] [main] [                                                 ] com.netflix.discovery.DiscoveryClient    : The response status is 200
2026-02-04T23:57:28.813-06:00  INFO 19072 --- [product] [main] [                                                 ] com.netflix.discovery.DiscoveryClient    : Starting heartbeat executor: renew interval is: 30
2026-02-04T23:57:28.815-06:00  INFO 19072 --- [product] [main] [                                                 ] c.n.discovery.InstanceInfoReplicator     : InstanceInfoReplicator onDemand update allowed rate per min is 4
2026-02-04T23:57:28.816-06:00  INFO 19072 --- [product] [main] [                                                 ] com.netflix.discovery.DiscoveryClient    : Discovery Client initialized at timestamp 1770271048816 with initial instances count: 3
2026-02-04T23:57:28.822-06:00  INFO 19072 --- [product] [main] [                                                 ] o.s.c.n.e.s.EurekaServiceRegistry        : Registering application PRODUCT with eureka with status UP
2026-02-04T23:57:28.823-06:00  INFO 19072 --- [product] [main] [                                                 ] com.netflix.discovery.DiscoveryClient    : Saw local status change event StatusChangeEvent [timestamp=1770271048823, current=UP, previous=STARTING]
2026-02-04T23:57:28.824-06:00  INFO 19072 --- [product] [DiscoveryClient-InstanceInfoReplicator-%d] [                                                 ] com.netflix.discovery.DiscoveryClient    : DiscoveryClient_PRODUCT/MSI.mshome.net:product:8081: registering service...
2026-02-04T23:57:28.855-06:00  INFO 19072 --- [product] [DiscoveryClient-InstanceInfoReplicator-%d] [                                                 ] com.netflix.discovery.DiscoveryClient    : DiscoveryClient_PRODUCT/MSI.mshome.net:product:8081 - registration status: 204
2026-02-04T23:57:28.861-06:00  INFO 19072 --- [product] [main] [                                                 ] o.s.b.w.embedded.tomcat.TomcatWebServer  : Tomcat started on port 8081 (http) with context path '/'
2026-02-04T23:57:28.863-06:00  INFO 19072 --- [product] [main] [                                                 ] .s.c.n.e.s.EurekaAutoServiceRegistration : Updating port to 8081
2026-02-04T23:57:28.877-06:00  INFO 19072 --- [product] [main] [                                                 ] o.s.c.s.binder.DefaultBinderFactory      : Creating binder: rabbit
2026-02-04T23:57:28.878-06:00  INFO 19072 --- [product] [main] [                                                 ] o.s.c.s.binder.DefaultBinderFactory      : Constructing binder child context for rabbit
2026-02-04T23:57:29.019-06:00  INFO 19072 --- [product] [main] [                                                 ] o.s.c.s.binder.DefaultBinderFactory      : Caching the binder: rabbit
2026-02-04T23:57:29.074-06:00  INFO 19072 --- [product] [main] [                                                 ] c.s.b.r.p.RabbitExchangeQueueProvisioner : declaring queue for inbound: springCloudBus.anonymous.sgr5u3A1S-Sss18WFCjaIw, bound to: springCloudBus
2026-02-04T23:57:29.079-06:00  INFO 19072 --- [product] [main] [                                                 ] o.s.a.r.c.CachingConnectionFactory       : Attempting to connect to: [localhost:5672]
2026-02-04T23:57:29.139-06:00  INFO 19072 --- [product] [main] [                                                 ] o.s.a.r.c.CachingConnectionFactory       : Created new connection: rabbitConnectionFactory#58ca3439:0/SimpleConnection@6276fcd5 [delegate=amqp://guest@127.0.0.1:5672/, localPort=58018]
2026-02-04T23:57:29.207-06:00  INFO 19072 --- [product] [main] [                                                 ] o.s.c.stream.binder.BinderErrorChannel   : Channel 'rabbit-831902794.springCloudBusInput.errors' has 1 subscriber(s).
2026-02-04T23:57:29.208-06:00  INFO 19072 --- [product] [main] [                                                 ] o.s.c.stream.binder.BinderErrorChannel   : Channel 'rabbit-831902794.springCloudBusInput.errors' has 2 subscriber(s).
2026-02-04T23:57:29.230-06:00  INFO 19072 --- [product] [main] [                                                 ] o.s.i.a.i.AmqpInboundChannelAdapter      : started bean 'inbound.springCloudBus.anonymous.sgr5u3A1S-Sss18WFCjaIw'
2026-02-04T23:57:29.244-06:00  INFO 19072 --- [product] [main] [                                                 ] o.s.i.monitor.IntegrationMBeanExporter   : Registering MessageChannel rabbit-831902794.springCloudBusInput.errors
2026-02-04T23:57:29.271-06:00  INFO 19072 --- [product] [main] [                                                 ] com.indi.product.ProductApplication      : Started ProductApplication in 15.797 seconds (process running for 17.35)
